id;cd_acao_rdz;nm_empresa;setor_economico;subsetor;segmento;segmento_b3;nm_segmento_b3;cd_acao;tx_cnpj;vl_cnpj;created_at;updated_at
1;CSAN;COSAN;PETRÓLEO, GÁS E BIOCOMBUSTÍVEIS;PETRÓLEO, GÁS E BIOCOMBUSTÍVEIS;EXPLORAÇÃO, REFINO E DISTRIBUIÇÃO;NM;"";CSAN3;50.746.577/0001-15;50746577000115;2021-10-22T01:00:01.000000Z;2021-10-22T01:00:01.000000Z
2;DMMO;DOMMO;PETRÓLEO, GÁS E BIOCOMBUSTÍVEIS;PETRÓLEO, GÁS E BIOCOMBUSTÍVEIS;EXPLORAÇÃO, REFINO E DISTRIBUIÇÃO;"";"";DMMO11, DMMO3;08.926.302/0001-05;8926302000105;2021-10-22T01:00:01.000000Z;2021-10-22T01:00:01.000000Z
3;ENAT;ENAUTA PART;PETRÓLEO, GÁS E BIOCOMBUSTÍVEIS;PETRÓLEO, GÁS E BIOCOMBUSTÍVEIS;EXPLORAÇÃO, REFINO E DISTRIBUIÇÃO;NM;"";ENAT3;11.669.021/0001-10;11669021000110;2021-10-22T01:00:01.000000Z;2021-10-22T01:00:01.000000Z
4;RPMG;PET MANGUINH;PETRÓLEO, GÁS E BIOCOMBUSTÍVEIS;PETRÓLEO, GÁS E BIOCOMBUSTÍVEIS;EXPLORAÇÃO, REFINO E DISTRIBUIÇÃO;"";"";RPMG3;33.412.081/0001-96;33412081000196;2021-10-22T01:00:01.000000Z;2021-10-22T01:00:01.000000Z
5;PETR;PETROBRAS;PETRÓLEO, GÁS E BIOCOMBUSTÍVEIS;PETRÓLEO, GÁS E BIOCOMBUSTÍVEIS;EXPLORAÇÃO, REFINO E DISTRIBUIÇÃO;N2;"";PETR4, PETR3;33.000.167/0001-01;33000167000101;2021-10-22T01:00:01.000000Z;2021-10-22T01:00:01.000000Z
6;BRDT;PETROBRAS BR;PETRÓLEO, GÁS E BIOCOMBUSTÍVEIS;PETRÓLEO, GÁS E BIOCOMBUSTÍVEIS;EXPLORAÇÃO, REFINO E DISTRIBUIÇÃO;NM;"";BRDT3;34.274.233/0001-02;34274233000102;2021-10-22T01:00:01.000000Z;2021-10-22T01:00:01.000000Z
7;PRIO;PETRORIO;PETRÓLEO, GÁS E BIOCOMBUSTÍVEIS;PETRÓLEO, GÁS E BIOCOMBUSTÍVEIS;EXPLORAÇÃO, REFINO E DISTRIBUIÇÃO;NM;"";PRIO3;10.629.105/0001-68;10629105000168;2021-10-22T01:00:01.000000Z;2021-10-22T01:00:01.000000Z
8;UGPA;ULTRAPAR;PETRÓLEO, GÁS E BIOCOMBUSTÍVEIS;PETRÓLEO, GÁS E BIOCOMBUSTÍVEIS;EXPLORAÇÃO, REFINO E DISTRIBUIÇÃO;NM;"";UGPA3;33.256.439/0001-39;33256439000139;2021-10-22T01:00:01.000000Z;2021-10-22T01:00:01.000000Z
9;LUPA;LUPATECH;PETRÓLEO, GÁS E BIOCOMBUSTÍVEIS;PETRÓLEO, GÁS E BIOCOMBUSTÍVEIS;EQUIPAMENTOS E SERVIÇOS;NM;"";LUPA3;89.463.822/0001-12;89463822000112;2021-10-22T01:00:01.000000Z;2021-10-22T01:00:01.000000Z
10;OSXB;OSX BRASIL;PETRÓLEO, GÁS E BIOCOMBUSTÍVEIS;PETRÓLEO, GÁS E BIOCOMBUSTÍVEIS;EQUIPAMENTOS E SERVIÇOS;NM;"";OSXB3;09.112.685/0001-32;9112685000132;2021-10-22T01:00:01.000000Z;2021-10-22T01:00:01.000000Z
11;BRAP;BRADESPAR;MATERIAIS BÁSICOS;MINERAÇÃO;MINERAIS METÁLICOS;N1;"";BRAP4, BRAP3;03.847.461/0001-92;3847461000192;2021-10-22T01:00:01.000000Z;2021-10-22T01:00:01.000000Z
12;LTEL;LITEL;MATERIAIS BÁSICOS;MINERAÇÃO;MINERAIS METÁLICOS;MB;"";LTEL3B;00.743.065/0001-27;743065000127;2021-10-22T01:00:01.000000Z;2021-10-22T01:00:01.000000Z
13;LTLA;LITELA;MATERIAIS BÁSICOS;MINERAÇÃO;MINERAIS METÁLICOS;MB;"";LTLA3B;05.495.546/0001-84;5495546000184;2021-10-22T01:00:01.000000Z;2021-10-22T01:00:01.000000Z
14;MMXM;MMX MINER;MATERIAIS BÁSICOS;MINERAÇÃO;MINERAIS METÁLICOS;NM;"";MMXM3;02.762.115/0001-49;2762115000149;2021-10-22T01:00:01.000000Z;2021-10-22T01:00:01.000000Z
15;VALE;VALE;MATERIAIS BÁSICOS;MINERAÇÃO;MINERAIS METÁLICOS;NM;"";VALE3;33.592.510/0001-54;33592510000154;2021-10-22T01:00:01.000000Z;2021-10-22T01:00:01.000000Z
16;FESA;FERBASA;MATERIAIS BÁSICOS;SIDERURGIA E METALURGIA;SIDERURGIA;N1;"";FESA4, FESA3;15.141.799/0001-03;15141799000103;2021-10-22T01:00:01.000000Z;2021-10-22T01:00:01.000000Z
17;GGBR;GERDAU;MATERIAIS BÁSICOS;SIDERURGIA E METALURGIA;SIDERURGIA;N1;"";GGBR3, GGBR4;33.611.500/0001-19;33611500000119;2021-10-22T01:00:01.000000Z;2021-10-22T01:00:01.000000Z
18;GOAU;GERDAU MET;MATERIAIS BÁSICOS;SIDERURGIA E METALURGIA;SIDERURGIA;N1;"";GOAU3, GOAU4;92.690.783/0001-09;92690783000109;2021-10-22T01:00:01.000000Z;2021-10-22T01:00:01.000000Z
19;CSNA;SID NACIONAL;MATERIAIS BÁSICOS;SIDERURGIA E METALURGIA;SIDERURGIA;"";"";CSNA3;33.042.730/0001-04;33042730000104;2021-10-22T01:00:01.000000Z;2021-10-22T01:00:01.000000Z
20;USIM;USIMINAS;MATERIAIS BÁSICOS;SIDERURGIA E METALURGIA;SIDERURGIA;N1;"";USIM6, USIM5, USIM3;60.894.730/0001-05;60894730000105;2021-10-22T01:00:01.000000Z;2021-10-22T01:00:01.000000Z
21;MGEL;MANGELS INDL;MATERIAIS BÁSICOS;SIDERURGIA E METALURGIA;ARTEFATOS DE FERRO E AÇO;"";"";MGEL3, MGEL4;61.065.298/0001-02;61065298000102;2021-10-22T01:00:01.000000Z;2021-10-22T01:00:01.000000Z
22;PATI;PANATLANTICA;MATERIAIS BÁSICOS;SIDERURGIA E METALURGIA;ARTEFATOS DE FERRO E AÇO;"";"";PATI3, PATI4;92.693.019/0001-89;92693019000189;2021-10-22T01:00:01.000000Z;2021-10-22T01:00:01.000000Z
23;TKNO;TEKNO;MATERIAIS BÁSICOS;SIDERURGIA E METALURGIA;ARTEFATOS DE FERRO E AÇO;"";"";TKNO3, TKNO4;33.467.572/0001-34;33467572000134;2021-10-22T01:00:01.000000Z;2021-10-22T01:00:01.000000Z
24;PMAM;PARANAPANEMA;MATERIAIS BÁSICOS;SIDERURGIA E METALURGIA;ARTEFATOS DE COBRE;NM;"";PMAM3;60.398.369/0004-79;60398369000479;2021-10-22T01:00:01.000000Z;2021-10-22T01:00:01.000000Z
25;BRKM;BRASKEM;MATERIAIS BÁSICOS;QUÍMICOS;PETROQUÍMICOS;N1;"";BRKM6, BRKM5, BRKM3;42.150.391/0001-70;42150391000170;2021-10-22T01:00:01.000000Z;2021-10-22T01:00:01.000000Z
26;ELEK;ELEKEIROZ;MATERIAIS BÁSICOS;QUÍMICOS;PETROQUÍMICOS;"";"";ELEK3, ELEK4;13.788.120/0001-47;13788120000147;2021-10-22T01:00:01.000000Z;2021-10-22T01:00:01.000000Z
27;GPCP;GPC PART;MATERIAIS BÁSICOS;QUÍMICOS;PETROQUÍMICOS;"";"";GPCP3, GPCP4;02.193.750/0001-52;2193750000152;2021-10-22T01:00:01.000000Z;2021-10-22T01:00:01.000000Z
28;FHER;FER HERINGER;MATERIAIS BÁSICOS;QUÍMICOS;FERTILIZANTES E DEFENSIVOS;NM;"";FHER3;22.266.175/0001-88;22266175000188;2021-10-22T01:00:01.000000Z;2021-10-22T01:00:01.000000Z
29;NUTR;NUTRIPLANT;MATERIAIS BÁSICOS;QUÍMICOS;FERTILIZANTES E DEFENSIVOS;MA;"";"";"";"";2021-10-22T01:00:01.000000Z;2021-10-22T01:00:01.000000Z
30;CRPG;CRISTAL;MATERIAIS BÁSICOS;QUÍMICOS;QUÍMICOS DIVERSOS;"";"";CRPG3, CRPG5, CRPG6;15.115.504/0001-24;15115504000124;2021-10-22T01:00:01.000000Z;2021-10-22T01:00:01.000000Z
31;UNIP;UNIPAR;MATERIAIS BÁSICOS;QUÍMICOS;QUÍMICOS DIVERSOS;"";"";UNIP3, UNIP5, UNIP6;33.958.695/0001-78;33958695000178;2021-10-22T01:00:01.000000Z;2021-10-22T01:00:01.000000Z
32;DTEX;DURATEX;MATERIAIS BÁSICOS;MADEIRA E PAPEL;MADEIRA;NM;"";DTEX3;97.837.181/0001-47;97837181000147;2021-10-22T01:00:01.000000Z;2021-10-22T01:00:01.000000Z
33;EUCA;EUCATEX;MATERIAIS BÁSICOS;MADEIRA E PAPEL;MADEIRA;N1;"";EUCA4, EUCA3;56.643.018/0001-66;56643018000166;2021-10-22T01:00:01.000000Z;2021-10-22T01:00:01.000000Z
34;RANI;IRANI;MATERIAIS BÁSICOS;MADEIRA E PAPEL;PAPEL E CELULOSE;"";"";RANI3, RANI4;92.791.243/0001-03;92791243000103;2021-10-22T01:00:01.000000Z;2021-10-22T01:00:01.000000Z
35;KLBN;KLABIN S/A;MATERIAIS BÁSICOS;MADEIRA E PAPEL;PAPEL E CELULOSE;N2;"";KLBN11, KLBN3, KLBN4;89.637.490/0001-45;89637490000145;2021-10-22T01:00:01.000000Z;2021-10-22T01:00:01.000000Z
36;MSPA;MELHOR SP;MATERIAIS BÁSICOS;MADEIRA E PAPEL;PAPEL E CELULOSE;"";"";MSPA3, MSPA4;60.730.348/0001-66;60730348000166;2021-10-22T01:00:01.000000Z;2021-10-22T01:00:01.000000Z
37;STTZ;SANTHER;MATERIAIS BÁSICOS;MADEIRA E PAPEL;PAPEL E CELULOSE;"";"";"";"";"";2021-10-22T01:00:01.000000Z;2021-10-22T01:00:01.000000Z
38;NEMO;SUZANO HOLD;MATERIAIS BÁSICOS;MADEIRA E PAPEL;PAPEL E CELULOSE;"";"";NEMO3, NEMO5, NEMO6;60.651.809/0001-05;60651809000105;2021-10-22T01:00:01.000000Z;2021-10-22T01:00:01.000000Z
39;SUZB;SUZANO S.A.;MATERIAIS BÁSICOS;MADEIRA E PAPEL;PAPEL E CELULOSE;NM;"";SUZB3;16.404.287/0001-55;16404287000155;2021-10-22T01:00:01.000000Z;2021-10-22T01:00:01.000000Z
40;MTIG;METAL IGUACU;MATERIAIS BÁSICOS;EMBALAGENS;EMBALAGENS;"";"";MTIG3, MTIG4;80.227.184/0001-66;80227184000166;2021-10-22T01:00:01.000000Z;2021-10-22T01:00:01.000000Z
41;SNSY;SANSUY;MATERIAIS BÁSICOS;MATERIAIS DIVERSOS;MATERIAIS DIVERSOS;"";"";SNSY3, SNSY5, SNSY6;14.807.945/0001-24;14807945000124;2021-10-22T01:00:01.000000Z;2021-10-22T01:00:01.000000Z
42;ETER;ETERNIT;BENS INDUSTRIAIS;CONSTRUÇÃO E ENGENHARIA;PRODUTOS PARA CONSTRUÇÃO;NM;"";ETER3;61.092.037/0001-81;61092037000181;2021-10-22T01:00:01.000000Z;2021-10-22T01:00:01.000000Z
43;HAGA;HAGA S/A;BENS INDUSTRIAIS;CONSTRUÇÃO E ENGENHARIA;PRODUTOS PARA CONSTRUÇÃO;"";"";HAGA3, HAGA4;30.540.991/0001-66;30540991000166;2021-10-22T01:00:01.000000Z;2021-10-22T01:00:01.000000Z
44;PTBL;PORTOBELLO;BENS INDUSTRIAIS;CONSTRUÇÃO E ENGENHARIA;PRODUTOS PARA CONSTRUÇÃO;NM;"";PTBL3;83.475.913/0001-91;83475913000191;2021-10-22T01:00:01.000000Z;2021-10-22T01:00:01.000000Z
45;AZEV;AZEVEDO;BENS INDUSTRIAIS;CONSTRUÇÃO E ENGENHARIA;CONSTRUÇÃO PESADA;"";"";AZEV3, AZEV4;61.351.532/0001-68;61351532000168;2021-10-22T01:00:01.000000Z;2021-10-22T01:00:01.000000Z
46;SOND;SONDOTECNICA;BENS INDUSTRIAIS;CONSTRUÇÃO E ENGENHARIA;ENGENHARIA CONSULTIVA;"";"";SOND3, SOND5, SOND6;33.386.210/0001-19;33386210000119;2021-10-22T01:00:01.000000Z;2021-10-22T01:00:01.000000Z
47;TCNO;TECNOSOLO;BENS INDUSTRIAIS;CONSTRUÇÃO E ENGENHARIA;ENGENHARIA CONSULTIVA;"";"";TCNO3, TCNO4;33.111.246/0001-90;33111246000190;2021-10-22T01:00:01.000000Z;2021-10-22T01:00:01.000000Z
48;MILS;MILLS;BENS INDUSTRIAIS;CONSTRUÇÃO E ENGENHARIA;SERVIÇOS DIVERSOS;NM;"";MILS3;27.093.558/0001-15;27093558000115;2021-10-22T01:00:01.000000Z;2021-10-22T01:00:01.000000Z
49;EMBR;EMBRAER;BENS INDUSTRIAIS;MATERIAL DE TRANSPORTE;MATERIAL AERONÁUTICO E DE DEFESA;NM;"";EMBR3;07.689.002/0001-89;7689002000189;2021-10-22T01:00:01.000000Z;2021-10-22T01:00:01.000000Z
50;FRAS;FRAS-LE;BENS INDUSTRIAIS;MATERIAL DE TRANSPORTE;MATERIAL RODOVIÁRIO;N1;"";FRAS3;88.610.126/0001-29;88610126000129;2021-10-22T01:00:01.000000Z;2021-10-22T01:00:01.000000Z
51;POMO;MARCOPOLO;BENS INDUSTRIAIS;MATERIAL DE TRANSPORTE;MATERIAL RODOVIÁRIO;N2;"";POMO4, POMO3;88.611.835/0001-29;88611835000129;2021-10-22T01:00:01.000000Z;2021-10-22T01:00:01.000000Z
52;RAPT;RANDON PART;BENS INDUSTRIAIS;MATERIAL DE TRANSPORTE;MATERIAL RODOVIÁRIO;N1;"";RAPT4, RAPT3;89.086.144/0001-16;89086144000116;2021-10-22T01:00:01.000000Z;2021-10-22T01:00:01.000000Z
53;RCSL;RECRUSUL;BENS INDUSTRIAIS;MATERIAL DE TRANSPORTE;MATERIAL RODOVIÁRIO;"";"";RCSL3, RCSL4;91.333.666/0001-17;91333666000117;2021-10-22T01:00:01.000000Z;2021-10-22T01:00:01.000000Z
54;RSUL;RIOSULENSE;BENS INDUSTRIAIS;MATERIAL DE TRANSPORTE;MATERIAL RODOVIÁRIO;"";"";RSUL3, RSUL4;85.778.074/0001-06;85778074000106;2021-10-22T01:00:01.000000Z;2021-10-22T01:00:01.000000Z
55;TUPY;TUPY;BENS INDUSTRIAIS;MATERIAL DE TRANSPORTE;MATERIAL RODOVIÁRIO;NM;"";TUPY3;84.683.374/0001-49;84683374000149;2021-10-22T01:00:01.000000Z;2021-10-22T01:00:01.000000Z
56;MWET;WETZEL S/A;BENS INDUSTRIAIS;MATERIAL DE TRANSPORTE;MATERIAL RODOVIÁRIO;"";"";MWET3, MWET4;84.683.671/0001-94;84683671000194;2021-10-22T01:00:01.000000Z;2021-10-22T01:00:01.000000Z
57;SHUL;SCHULZ;BENS INDUSTRIAIS;MÁQUINAS E EQUIPAMENTOS;MOTORES, COMPRESSORES E OUTROS;"";"";SHUL4, SHUL3;84.693.183/0001-68;84693183000168;2021-10-22T01:00:01.000000Z;2021-10-22T01:00:01.000000Z
58;WEGE;WEG;BENS INDUSTRIAIS;MÁQUINAS E EQUIPAMENTOS;MOTORES, COMPRESSORES E OUTROS;NM;"";WEGE3;84.429.695/0001-11;84429695000111;2021-10-22T01:00:01.000000Z;2021-10-22T01:00:01.000000Z
59;EALT;ACO ALTONA;BENS INDUSTRIAIS;MÁQUINAS E EQUIPAMENTOS;MÁQ. E EQUIP. INDUSTRIAIS;"";"";EALT3, EALT4;82.643.537/0001-34;82643537000134;2021-10-22T01:00:01.000000Z;2021-10-22T01:00:01.000000Z
60;BDLL;BARDELLA;BENS INDUSTRIAIS;MÁQUINAS E EQUIPAMENTOS;MÁQ. E EQUIP. INDUSTRIAIS;"";"";BDLL4, BDLL3;60.851.615/0001-53;60851615000153;2021-10-22T01:00:01.000000Z;2021-10-22T01:00:01.000000Z
61;ROMI;INDS ROMI;BENS INDUSTRIAIS;MÁQUINAS E EQUIPAMENTOS;MÁQ. E EQUIP. INDUSTRIAIS;NM;"";ROMI3;56.720.428/0001-63;56720428000163;2021-10-22T01:00:01.000000Z;2021-10-22T01:00:01.000000Z
62;INEP;INEPAR;BENS INDUSTRIAIS;MÁQUINAS E EQUIPAMENTOS;MÁQ. E EQUIP. INDUSTRIAIS;"";"";INEP4, INEP3;76.627.504/0001-06;76627504000106;2021-10-22T01:00:01.000000Z;2021-10-22T01:00:01.000000Z
63;KEPL;KEPLER WEBER;BENS INDUSTRIAIS;MÁQUINAS E EQUIPAMENTOS;MÁQ. E EQUIP. INDUSTRIAIS;"";"";KEPL3;91.983.056/0001-69;91983056000169;2021-10-22T01:00:01.000000Z;2021-10-22T01:00:01.000000Z
64;FRIO;METALFRIO;BENS INDUSTRIAIS;MÁQUINAS E EQUIPAMENTOS;MÁQ. E EQUIP. INDUSTRIAIS;NM;"";FRIO3;04.821.041/0001-08;4821041000108;2021-10-22T01:00:01.000000Z;2021-10-22T01:00:01.000000Z
65;NORD;NORDON MET;BENS INDUSTRIAIS;MÁQUINAS E EQUIPAMENTOS;MÁQ. E EQUIP. INDUSTRIAIS;"";"";NORD3;60.884.319/0001-59;60884319000159;2021-10-22T01:00:01.000000Z;2021-10-22T01:00:01.000000Z
66;PTCA;PRATICA;BENS INDUSTRIAIS;MÁQUINAS E EQUIPAMENTOS;MÁQ. E EQUIP. INDUSTRIAIS;M2;"";PTCA11, PTCA3;08.574.411/0001-00;8574411000100;2021-10-22T01:00:01.000000Z;2021-10-22T01:00:01.000000Z
67;MTSA;METISA;BENS INDUSTRIAIS;MÁQUINAS E EQUIPAMENTOS;MÁQ. E EQUIP. CONSTRUÇÃO E AGRÍCOLAS;"";"";MTSA3, MTSA4;86.375.425/0001-09;86375425000109;2021-10-22T01:00:01.000000Z;2021-10-22T01:00:01.000000Z
68;STTR;STARA;BENS INDUSTRIAIS;MÁQUINAS E EQUIPAMENTOS;MÁQ. E EQUIP. CONSTRUÇÃO E AGRÍCOLAS;MA;"";"";"";"";2021-10-22T01:00:01.000000Z;2021-10-22T01:00:01.000000Z
69;TASA;TAURUS ARMAS;BENS INDUSTRIAIS;MÁQUINAS E EQUIPAMENTOS;ARMAS E MUNIÇÕES;N2;"";TASA13, TASA15, TASA17, TASA3, TASA4;92.781.335/0001-02;92781335000102;2021-10-22T01:00:01.000000Z;2021-10-22T01:00:01.000000Z
70;AZUL;AZUL;BENS INDUSTRIAIS;TRANSPORTE;TRANSPORTE AÉREO;N2;"";AZUL4;09.305.994/0001-29;9305994000129;2021-10-22T01:00:01.000000Z;2021-10-22T01:00:01.000000Z
71;GOLL;GOL;BENS INDUSTRIAIS;TRANSPORTE;TRANSPORTE AÉREO;N2;"";GOLL11, GOLL4;06.164.253/0001-87;6164253000187;2021-10-22T01:00:01.000000Z;2021-10-22T01:00:01.000000Z
72;FRRN;ALL NORTE;BENS INDUSTRIAIS;TRANSPORTE;TRANSPORTE FERROVIÁRIO;MB;"";FRRN3B, FRRN5B, FRRN6B;24.962.466/0001-36;24962466000136;2021-10-22T01:00:01.000000Z;2021-10-22T01:00:01.000000Z
73;GASC;ALL PAULISTA;BENS INDUSTRIAIS;TRANSPORTE;TRANSPORTE FERROVIÁRIO;MB;"";"";"";"";2021-10-22T01:00:01.000000Z;2021-10-22T01:00:01.000000Z
74;RLOG;COSAN LOG;BENS INDUSTRIAIS;TRANSPORTE;TRANSPORTE FERROVIÁRIO;NM;"";RLOG3;17.346.997/0001-39;17346997000139;2021-10-22T01:00:01.000000Z;2021-10-22T01:00:01.000000Z
75;VSPT;FER C ATLANT;BENS INDUSTRIAIS;TRANSPORTE;TRANSPORTE FERROVIÁRIO;"";"";VSPT3, VSPT4;00.924.429/0001-75;924429000175;2021-10-22T01:00:01.000000Z;2021-10-22T01:00:01.000000Z
76;MRSA;MRS LOGIST;BENS INDUSTRIAIS;TRANSPORTE;TRANSPORTE FERROVIÁRIO;MB;"";MRSA3B, MRSA5B, MRSA6B;01.417.222/0001-77;1417222000177;2021-10-22T01:00:01.000000Z;2021-10-22T01:00:01.000000Z
77;RAIL;RUMO S.A.;BENS INDUSTRIAIS;TRANSPORTE;TRANSPORTE FERROVIÁRIO;NM;"";RAIL3;02.387.241/0001-60;2387241000160;2021-10-22T01:00:01.000000Z;2021-10-22T01:00:01.000000Z
78;LOGN;LOG-IN;BENS INDUSTRIAIS;TRANSPORTE;TRANSPORTE HIDROVIÁRIO;NM;"";LOGN3;42.278.291/0001-24;42278291000124;2021-10-22T01:00:01.000000Z;2021-10-22T01:00:01.000000Z
79;LUXM;TREVISA;BENS INDUSTRIAIS;TRANSPORTE;TRANSPORTE HIDROVIÁRIO;"";"";LUXM3, LUXM4;92.660.570/0001-26;92660570000126;2021-10-22T01:00:01.000000Z;2021-10-22T01:00:01.000000Z
80;JSLG;JSL;BENS INDUSTRIAIS;TRANSPORTE;TRANSPORTE RODOVIÁRIO;NM;"";JSLG3;52.548.435/0001-79;52548435000179;2021-10-22T01:00:01.000000Z;2021-10-22T01:00:01.000000Z
81;TGMA;TEGMA;BENS INDUSTRIAIS;TRANSPORTE;TRANSPORTE RODOVIÁRIO;NM;"";TGMA3;02.351.144/0001-18;2351144000118;2021-10-22T01:00:01.000000Z;2021-10-22T01:00:01.000000Z
82;ANHB;AUTOBAN;BENS INDUSTRIAIS;TRANSPORTE;EXPLORAÇÃO DE RODOVIAS;"";"";"";"";"";2021-10-22T01:00:01.000000Z;2021-10-22T01:00:01.000000Z
83;CCRO;CCR SA;BENS INDUSTRIAIS;TRANSPORTE;EXPLORAÇÃO DE RODOVIAS;NM;"";CCRO3;02.846.056/0001-97;2846056000197;2021-10-22T01:00:01.000000Z;2021-10-22T01:00:01.000000Z
84;RPTA;CONC RAPOSO;BENS INDUSTRIAIS;TRANSPORTE;EXPLORAÇÃO DE RODOVIAS;"";"";"";"";"";2021-10-22T01:00:01.000000Z;2021-10-22T01:00:01.000000Z
85;CRTE;CONC RIO TER;BENS INDUSTRIAIS;TRANSPORTE;EXPLORAÇÃO DE RODOVIAS;MB;"";CRTE3B, CRTE5B;00.938.574/0001-05;938574000105;2021-10-22T01:00:01.000000Z;2021-10-22T01:00:01.000000Z
86;ERDV;ECON;BENS INDUSTRIAIS;TRANSPORTE;EXPLORAÇÃO DE RODOVIAS;"";"";"";"";"";2021-10-22T01:00:01.000000Z;2021-10-22T01:00:01.000000Z
87;ECNT;ECONORTE;BENS INDUSTRIAIS;TRANSPORTE;EXPLORAÇÃO DE RODOVIAS;"";"";"";"";"";2021-10-22T01:00:01.000000Z;2021-10-22T01:00:01.000000Z
88;ASCP;ECOPISTAS;BENS INDUSTRIAIS;TRANSPORTE;EXPLORAÇÃO DE RODOVIAS;"";"";"";"";"";2021-10-22T01:00:01.000000Z;2021-10-22T01:00:01.000000Z
89;ECOR;ECORODOVIAS;BENS INDUSTRIAIS;TRANSPORTE;EXPLORAÇÃO DE RODOVIAS;NM;"";ECOR3;04.149.454/0001-80;4149454000180;2021-10-22T01:00:01.000000Z;2021-10-22T01:00:01.000000Z
90;ECOV;ECOVIAS;BENS INDUSTRIAIS;TRANSPORTE;EXPLORAÇÃO DE RODOVIAS;"";"";"";"";"";2021-10-22T01:00:01.000000Z;2021-10-22T01:00:01.000000Z
91;COLN;ROD COLINAS;BENS INDUSTRIAIS;TRANSPORTE;EXPLORAÇÃO DE RODOVIAS;"";"";"";"";"";2021-10-22T01:00:01.000000Z;2021-10-22T01:00:01.000000Z
92;RDVT;ROD TIETE;BENS INDUSTRIAIS;TRANSPORTE;EXPLORAÇÃO DE RODOVIAS;"";"";"";"";"";2021-10-22T01:00:01.000000Z;2021-10-22T01:00:01.000000Z
93;CRBD;RT BANDEIRAS;BENS INDUSTRIAIS;TRANSPORTE;EXPLORAÇÃO DE RODOVIAS;"";"";"";"";"";2021-10-22T01:00:01.000000Z;2021-10-22T01:00:01.000000Z
94;TRIA;TRIANGULOSOL;BENS INDUSTRIAIS;TRANSPORTE;EXPLORAÇÃO DE RODOVIAS;"";"";"";"";"";2021-10-22T01:00:01.000000Z;2021-10-22T01:00:01.000000Z
95;TPIS;TRIUNFO PART;BENS INDUSTRIAIS;TRANSPORTE;EXPLORAÇÃO DE RODOVIAS;NM;"";TPIS3;03.014.553/0001-91;3014553000191;2021-10-22T01:00:01.000000Z;2021-10-22T01:00:01.000000Z
96;VOES;VIAOESTE;BENS INDUSTRIAIS;TRANSPORTE;EXPLORAÇÃO DE RODOVIAS;"";"";"";"";"";2021-10-22T01:00:01.000000Z;2021-10-22T01:00:01.000000Z
97;AGRU;GRUAIRPORT;BENS INDUSTRIAIS;TRANSPORTE;SERVIÇOS DE APOIO E ARMAZENAGEM;MB;"";"";"";"";2021-10-22T01:00:01.000000Z;2021-10-22T01:00:01.000000Z
98;PSVM;PORTO VM;BENS INDUSTRIAIS;TRANSPORTE;SERVIÇOS DE APOIO E ARMAZENAGEM;"";"";PSVM11;18.494.485/0001-82;18494485000182;2021-10-22T01:00:01.000000Z;2021-10-22T01:00:01.000000Z
99;IVPR;INVEPAR;BENS INDUSTRIAIS;TRANSPORTE;SERVIÇOS DE APOIO E ARMAZENAGEM;MB;"";IVPR4B, IVPR3B;03.758.318/0001-24;3758318000124;2021-10-22T01:00:01.000000Z;2021-10-22T01:00:01.000000Z
100;SAIP;SALUS INFRA;BENS INDUSTRIAIS;TRANSPORTE;SERVIÇOS DE APOIO E ARMAZENAGEM;"";"";"";"";"";2021-10-22T01:00:01.000000Z;2021-10-22T01:00:01.000000Z
101;STBP;SANTOS BRP;BENS INDUSTRIAIS;TRANSPORTE;SERVIÇOS DE APOIO E ARMAZENAGEM;N2;"";STBP3;02.762.121/0001-04;2762121000104;2021-10-22T01:00:01.000000Z;2021-10-22T01:00:01.000000Z
102;WSON;WILSON SONS;BENS INDUSTRIAIS;TRANSPORTE;SERVIÇOS DE APOIO E ARMAZENAGEM;DR3;"";WSON33;05.721.735/0001-28;5721735000128;2021-10-22T01:00:01.000000Z;2021-10-22T01:00:01.000000Z
103;ATMP;ATMASA;BENS INDUSTRIAIS;SERVIÇOS DIVERSOS;SERVIÇOS DIVERSOS;NM;"";"";"";"";2021-10-22T01:00:01.000000Z;2021-10-22T01:00:01.000000Z
104;BBML;BBMLOGISTICA;BENS INDUSTRIAIS;SERVIÇOS DIVERSOS;SERVIÇOS DIVERSOS;MA;"";BBML3;01.107.327/0001-20;1107327000120;2021-10-22T01:00:01.000000Z;2021-10-22T01:00:01.000000Z
105;CARD;CSU CARDSYST;BENS INDUSTRIAIS;SERVIÇOS DIVERSOS;SERVIÇOS DIVERSOS;NM;"";CARD3;01.896.779/0001-38;1896779000138;2021-10-22T01:00:01.000000Z;2021-10-22T01:00:01.000000Z
106;DTCY;DTCOM-DIRECT;BENS INDUSTRIAIS;SERVIÇOS DIVERSOS;SERVIÇOS DIVERSOS;"";"";DTCY3, DTCY4;03.303.999/0001-36;3303999000136;2021-10-22T01:00:01.000000Z;2021-10-22T01:00:01.000000Z
107;FLEX;FLEX S/A;BENS INDUSTRIAIS;SERVIÇOS DIVERSOS;SERVIÇOS DIVERSOS;MA;"";FLEX3;10.851.805/0001-00;10851805000100;2021-10-22T01:00:01.000000Z;2021-10-22T01:00:01.000000Z
108;PRNR;PRINER;BENS INDUSTRIAIS;SERVIÇOS DIVERSOS;SERVIÇOS DIVERSOS;MA;"";PRNR3;18.593.815/0001-97;18593815000197;2021-10-22T01:00:01.000000Z;2021-10-22T01:00:01.000000Z
109;VLID;VALID;BENS INDUSTRIAIS;SERVIÇOS DIVERSOS;SERVIÇOS DIVERSOS;NM;"";VLID3;33.113.309/0001-47;33113309000147;2021-10-22T01:00:01.000000Z;2021-10-22T01:00:01.000000Z
110;BTTL;BATTISTELLA;BENS INDUSTRIAIS;COMÉRCIO;MATERIAL DE TRANSPORTE;"";"";BTTL3;42.331.462/0001-31;42331462000131;2021-10-22T01:00:01.000000Z;2021-10-22T01:00:01.000000Z
111;MMAQ;MINASMAQUINA;BENS INDUSTRIAIS;COMÉRCIO;MATERIAL DE TRANSPORTE;"";"";MMAQ3, MMAQ4;17.161.241/0001-15;17161241000115;2021-10-22T01:00:01.000000Z;2021-10-22T01:00:01.000000Z
112;WLMM;WLM IND COM;BENS INDUSTRIAIS;COMÉRCIO;MATERIAL DE TRANSPORTE;"";"";WLMM3, WLMM4;33.228.024/0001-51;33228024000151;2021-10-22T01:00:01.000000Z;2021-10-22T01:00:01.000000Z
113;APTI;ALIPERTI;CONSUMO NÃO CÍCLICO;AGROPECUÁRIA;AGRICULTURA;"";"";APTI3, APTI4;61.156.931/0001-78;61156931000178;2021-10-22T01:00:01.000000Z;2021-10-22T01:00:01.000000Z
114;AGRO;BRASILAGRO;CONSUMO NÃO CÍCLICO;AGROPECUÁRIA;AGRICULTURA;NM;"";AGRO3;07.628.528/0001-59;7628528000159;2021-10-22T01:00:01.000000Z;2021-10-22T01:00:01.000000Z
115;FRTA;POMIFRUTAS;CONSUMO NÃO CÍCLICO;AGROPECUÁRIA;AGRICULTURA;NM;"";FRTA3;86.550.951/0001-50;86550951000150;2021-10-22T01:00:01.000000Z;2021-10-22T01:00:01.000000Z
116;SLCE;SLC AGRICOLA;CONSUMO NÃO CÍCLICO;AGROPECUÁRIA;AGRICULTURA;NM;"";SLCE3;89.096.457/0001-55;89096457000155;2021-10-22T01:00:01.000000Z;2021-10-22T01:00:01.000000Z
117;TESA;TERRA SANTA;CONSUMO NÃO CÍCLICO;AGROPECUÁRIA;AGRICULTURA;NM;"";TESA12, TESA3;05.799.312/0001-20;5799312000120;2021-10-22T01:00:01.000000Z;2021-10-22T01:00:01.000000Z
118;BSEV;BIOSEV;CONSUMO NÃO CÍCLICO;ALIMENTOS PROCESSADOS;AÇUCAR E ALCOOL;NM;"";BSEV3;15.527.906/0001-36;15527906000136;2021-10-22T01:00:01.000000Z;2021-10-22T01:00:01.000000Z
119;RESA;RAIZEN ENERG;CONSUMO NÃO CÍCLICO;ALIMENTOS PROCESSADOS;AÇUCAR E ALCOOL;"";"";"";"";"";2021-10-22T01:00:01.000000Z;2021-10-22T01:00:01.000000Z
120;SMTO;SAO MARTINHO;CONSUMO NÃO CÍCLICO;ALIMENTOS PROCESSADOS;AÇUCAR E ALCOOL;NM;"";SMTO3;51.466.860/0001-56;51466860000156;2021-10-22T01:00:01.000000Z;2021-10-22T01:00:01.000000Z
121;BRFS;BRF SA;CONSUMO NÃO CÍCLICO;ALIMENTOS PROCESSADOS;CARNES E DERIVADOS;NM;"";BRFS3;01.838.723/0001-27;1838723000127;2021-10-22T01:00:01.000000Z;2021-10-22T01:00:01.000000Z
122;BAUH;EXCELSIOR;CONSUMO NÃO CÍCLICO;ALIMENTOS PROCESSADOS;CARNES E DERIVADOS;"";"";BAUH3, BAUH4;95.426.862/0001-97;95426862000197;2021-10-22T01:00:01.000000Z;2021-10-22T01:00:01.000000Z
123;JBSS;JBS;CONSUMO NÃO CÍCLICO;ALIMENTOS PROCESSADOS;CARNES E DERIVADOS;NM;"";JBSS3;02.916.265/0001-60;2916265000160;2021-10-22T01:00:01.000000Z;2021-10-22T01:00:01.000000Z
124;MRFG;MARFRIG;CONSUMO NÃO CÍCLICO;ALIMENTOS PROCESSADOS;CARNES E DERIVADOS;NM;"";MRFG3;03.853.896/0001-40;3853896000140;2021-10-22T01:00:01.000000Z;2021-10-22T01:00:01.000000Z
125;BEEF;MINERVA;CONSUMO NÃO CÍCLICO;ALIMENTOS PROCESSADOS;CARNES E DERIVADOS;NM;"";BEEF3, BEEF11;67.620.377/0001-14;67620377000114;2021-10-22T01:00:01.000000Z;2021-10-22T01:00:01.000000Z
126;MNPR;MINUPAR;CONSUMO NÃO CÍCLICO;ALIMENTOS PROCESSADOS;CARNES E DERIVADOS;"";"";MNPR3;90.076.886/0001-40;90076886000140;2021-10-22T01:00:01.000000Z;2021-10-22T01:00:01.000000Z
127;CAML;CAMIL;CONSUMO NÃO CÍCLICO;ALIMENTOS PROCESSADOS;ALIMENTOS DIVERSOS;NM;"";CAML3;64.904.295/0001-03;64904295000103;2021-10-22T01:00:01.000000Z;2021-10-22T01:00:01.000000Z
128;JMCD;J.MACEDO;CONSUMO NÃO CÍCLICO;ALIMENTOS PROCESSADOS;ALIMENTOS DIVERSOS;"";"";"";"";"";2021-10-22T01:00:01.000000Z;2021-10-22T01:00:01.000000Z
129;JOPA;JOSAPAR;CONSUMO NÃO CÍCLICO;ALIMENTOS PROCESSADOS;ALIMENTOS DIVERSOS;"";"";JOPA3, JOPA4;87.456.562/0001-22;87456562000122;2021-10-22T01:00:01.000000Z;2021-10-22T01:00:01.000000Z
130;MDIA;M.DIASBRANCO;CONSUMO NÃO CÍCLICO;ALIMENTOS PROCESSADOS;ALIMENTOS DIVERSOS;NM;"";MDIA3;07.206.816/0001-15;7206816000115;2021-10-22T01:00:01.000000Z;2021-10-22T01:00:01.000000Z
131;ODER;ODERICH;CONSUMO NÃO CÍCLICO;ALIMENTOS PROCESSADOS;ALIMENTOS DIVERSOS;"";"";ODER3, ODER4;97.191.902/0001-94;97191902000194;2021-10-22T01:00:01.000000Z;2021-10-22T01:00:01.000000Z
132;ABEV;AMBEV S/A;CONSUMO NÃO CÍCLICO;BEBIDAS;CERVEJAS E REFRIGERANTES;"";"";ABEV3;07.526.557/0001-00;7526557000100;2021-10-22T01:00:01.000000Z;2021-10-22T01:00:01.000000Z
133;NTCO;GRUPO NATURA;CONSUMO NÃO CÍCLICO;PRODUTOS DE USO PESSOAL E DE LIMPEZA;PRODUTOS DE USO PESSOAL;NM;"";NTCO3;32.785.497/0001-97;32785497000197;2021-10-22T01:00:01.000000Z;2021-10-22T01:00:01.000000Z
134;BOBR;BOMBRIL;CONSUMO NÃO CÍCLICO;PRODUTOS DE USO PESSOAL E DE LIMPEZA;PRODUTOS DE LIMPEZA;"";"";BOBR3, BOBR4;50.564.053/0001-03;50564053000103;2021-10-22T01:00:01.000000Z;2021-10-22T01:00:01.000000Z
135;CRFB;CARREFOUR BR;CONSUMO NÃO CÍCLICO;COMÉRCIO E DISTRIBUIÇÃO;ALIMENTOS;NM;"";CRFB3;75.315.333/0001-09;75315333000109;2021-10-22T01:00:01.000000Z;2021-10-22T01:00:01.000000Z
136;PCAR;P.ACUCAR-CBD;CONSUMO NÃO CÍCLICO;COMÉRCIO E DISTRIBUIÇÃO;ALIMENTOS;N1;"";PCAR3;47.508.411/0001-56;47508411000156;2021-10-22T01:00:01.000000Z;2021-10-22T01:00:01.000000Z
137;CALI;CONST A LIND;CONSUMO CÍCLICO;CONSTRUÇÃO CIVIL;INCORPORAÇÕES;"";"";CALI3, CALI4;61.022.042/0001-18;61022042000118;2021-10-22T01:00:01.000000Z;2021-10-22T01:00:01.000000Z
138;CRDE;CR2;CONSUMO CÍCLICO;CONSTRUÇÃO CIVIL;INCORPORAÇÕES;NM;"";CRDE3;07.820.907/0001-46;7820907000146;2021-10-22T01:00:01.000000Z;2021-10-22T01:00:01.000000Z
139;CYRE;CYRELA REALT;CONSUMO CÍCLICO;CONSTRUÇÃO CIVIL;INCORPORAÇÕES;NM;"";CYRE3;73.178.600/0001-18;73178600000118;2021-10-22T01:00:01.000000Z;2021-10-22T01:00:01.000000Z
140;DIRR;DIRECIONAL;CONSUMO CÍCLICO;CONSTRUÇÃO CIVIL;INCORPORAÇÕES;NM;"";DIRR3;16.614.075/0001-00;16614075000100;2021-10-22T01:00:01.000000Z;2021-10-22T01:00:01.000000Z
141;EVEN;EVEN;CONSUMO CÍCLICO;CONSTRUÇÃO CIVIL;INCORPORAÇÕES;NM;"";EVEN3;43.470.988/0001-65;43470988000165;2021-10-22T01:00:01.000000Z;2021-10-22T01:00:01.000000Z
142;EZTC;EZTEC;CONSUMO CÍCLICO;CONSTRUÇÃO CIVIL;INCORPORAÇÕES;NM;"";EZTC3;08.312.229/0001-73;8312229000173;2021-10-22T01:00:01.000000Z;2021-10-22T01:00:01.000000Z
143;GFSA;GAFISA;CONSUMO CÍCLICO;CONSTRUÇÃO CIVIL;INCORPORAÇÕES;NM;"";GFSA3;01.545.826/0001-07;1545826000107;2021-10-22T01:00:01.000000Z;2021-10-22T01:00:01.000000Z
144;HBOR;HELBOR;CONSUMO CÍCLICO;CONSTRUÇÃO CIVIL;INCORPORAÇÕES;NM;"";HBOR3;49.263.189/0001-02;49263189000102;2021-10-22T01:00:01.000000Z;2021-10-22T01:00:01.000000Z
145;INNT;INTER SA;CONSUMO CÍCLICO;CONSTRUÇÃO CIVIL;INCORPORAÇÕES;MA;"";INNT3;09.611.768/0001-76;9611768000176;2021-10-22T01:00:01.000000Z;2021-10-22T01:00:01.000000Z
146;JHSF;JHSF PART;CONSUMO CÍCLICO;CONSTRUÇÃO CIVIL;INCORPORAÇÕES;NM;"";JHSF3;08.294.224/0001-65;8294224000165;2021-10-22T01:00:01.000000Z;2021-10-22T01:00:01.000000Z
147;JFEN;JOAO FORTES;CONSUMO CÍCLICO;CONSTRUÇÃO CIVIL;INCORPORAÇÕES;"";"";JFEN3;33.035.536/0001-00;33035536000100;2021-10-22T01:00:01.000000Z;2021-10-22T01:00:01.000000Z
148;MTRE;MITRE REALTY;CONSUMO CÍCLICO;CONSTRUÇÃO CIVIL;INCORPORAÇÕES;NM;"";MTRE3;07.882.930/0001-65;7882930000165;2021-10-22T01:00:01.000000Z;2021-10-22T01:00:01.000000Z
149;MDNE;MOURA DUBEUX;CONSUMO CÍCLICO;CONSTRUÇÃO CIVIL;INCORPORAÇÕES;NM;"";MDNE3;12.049.631/0001-84;12049631000184;2021-10-22T01:00:01.000000Z;2021-10-22T01:00:01.000000Z
150;MRVE;MRV;CONSUMO CÍCLICO;CONSTRUÇÃO CIVIL;INCORPORAÇÕES;NM;"";MRVE3;08.343.492/0001-20;8343492000120;2021-10-22T01:00:02.000000Z;2021-10-22T01:00:02.000000Z
151;PDGR;PDG REALT;CONSUMO CÍCLICO;CONSTRUÇÃO CIVIL;INCORPORAÇÕES;NM;"";PDGR3;02.950.811/0001-89;2950811000189;2021-10-22T01:00:02.000000Z;2021-10-22T01:00:02.000000Z
152;RDNI;RNI;CONSUMO CÍCLICO;CONSTRUÇÃO CIVIL;INCORPORAÇÕES;NM;"";RDNI3;67.010.660/0001-24;67010660000124;2021-10-22T01:00:02.000000Z;2021-10-22T01:00:02.000000Z
153;RSID;ROSSI RESID;CONSUMO CÍCLICO;CONSTRUÇÃO CIVIL;INCORPORAÇÕES;NM;"";RSID3;61.065.751/0001-80;61065751000180;2021-10-22T01:00:02.000000Z;2021-10-22T01:00:02.000000Z
154;TCSA;TECNISA;CONSUMO CÍCLICO;CONSTRUÇÃO CIVIL;INCORPORAÇÕES;NM;"";TCSA3;08.065.557/0001-12;8065557000112;2021-10-22T01:00:02.000000Z;2021-10-22T01:00:02.000000Z
155;TEND;TENDA;CONSUMO CÍCLICO;CONSTRUÇÃO CIVIL;INCORPORAÇÕES;NM;"";TEND3;71.476.527/0001-35;71476527000135;2021-10-22T01:00:02.000000Z;2021-10-22T01:00:02.000000Z
156;TRIS;TRISUL;CONSUMO CÍCLICO;CONSTRUÇÃO CIVIL;INCORPORAÇÕES;NM;"";TRIS3;08.811.643/0001-27;8811643000127;2021-10-22T01:00:02.000000Z;2021-10-22T01:00:02.000000Z
157;VIVR;VIVER;CONSUMO CÍCLICO;CONSTRUÇÃO CIVIL;INCORPORAÇÕES;NM;"";VIVR3;67.571.414/0001-41;67571414000141;2021-10-22T01:00:02.000000Z;2021-10-22T01:00:02.000000Z
158;CEDO;CEDRO;CONSUMO CÍCLICO;TECIDOS, VESTUÁRIO E CALÇADOS;FIOS E TECIDOS;N1;"";CEDO4, CEDO3;17.245.234/0001-00;17245234000100;2021-10-22T01:00:02.000000Z;2021-10-22T01:00:02.000000Z
159;CTNM;COTEMINAS;CONSUMO CÍCLICO;TECIDOS, VESTUÁRIO E CALÇADOS;FIOS E TECIDOS;"";"";CTNM4, CTNM3;22.677.520/0001-76;22677520000176;2021-10-22T01:00:02.000000Z;2021-10-22T01:00:02.000000Z
160;DOHL;DOHLER;CONSUMO CÍCLICO;TECIDOS, VESTUÁRIO E CALÇADOS;FIOS E TECIDOS;"";"";DOHL3, DOHL4;84.683.408/0001-03;84683408000103;2021-10-22T01:00:02.000000Z;2021-10-22T01:00:02.000000Z
161;ECPR;ENCORPAR;CONSUMO CÍCLICO;TECIDOS, VESTUÁRIO E CALÇADOS;FIOS E TECIDOS;"";"";ECPR3, ECPR4;01.971.614/0001-83;1971614000183;2021-10-22T01:00:02.000000Z;2021-10-22T01:00:02.000000Z
162;CATA;IND CATAGUAS;CONSUMO CÍCLICO;TECIDOS, VESTUÁRIO E CALÇADOS;FIOS E TECIDOS;"";"";CATA3, CATA4;19.526.748/0001-50;19526748000150;2021-10-22T01:00:02.000000Z;2021-10-22T01:00:02.000000Z
163;CTKA;KARSTEN;CONSUMO CÍCLICO;TECIDOS, VESTUÁRIO E CALÇADOS;FIOS E TECIDOS;"";"";CTKA4, CTKA3;82.640.558/0001-04;82640558000104;2021-10-22T01:00:02.000000Z;2021-10-22T01:00:02.000000Z
164;PTNT;PETTENATI;CONSUMO CÍCLICO;TECIDOS, VESTUÁRIO E CALÇADOS;FIOS E TECIDOS;"";"";PTNT3, PTNT4;88.613.658/0001-10;88613658000110;2021-10-22T01:00:02.000000Z;2021-10-22T01:00:02.000000Z
165;CTSA;SANTANENSE;CONSUMO CÍCLICO;TECIDOS, VESTUÁRIO E CALÇADOS;FIOS E TECIDOS;"";"";CTSA3, CTSA4, CTSA8;21.255.567/0001-89;21255567000189;2021-10-22T01:00:02.000000Z;2021-10-22T01:00:02.000000Z
166;SGPS;SPRINGS;CONSUMO CÍCLICO;TECIDOS, VESTUÁRIO E CALÇADOS;FIOS E TECIDOS;NM;"";SGPS3;07.718.269/0001-57;7718269000157;2021-10-22T01:00:02.000000Z;2021-10-22T01:00:02.000000Z
167;TEKA;TEKA;CONSUMO CÍCLICO;TECIDOS, VESTUÁRIO E CALÇADOS;FIOS E TECIDOS;"";"";TEKA3, TEKA4;82.636.986/0001-55;82636986000155;2021-10-22T01:00:02.000000Z;2021-10-22T01:00:02.000000Z
168;TXRX;TEX RENAUX;CONSUMO CÍCLICO;TECIDOS, VESTUÁRIO E CALÇADOS;FIOS E TECIDOS;"";"";"";"";"";2021-10-22T01:00:02.000000Z;2021-10-22T01:00:02.000000Z
169;HGTX;CIA HERING;CONSUMO CÍCLICO;TECIDOS, VESTUÁRIO E CALÇADOS;VESTUÁRIO;NM;"";HGTX3;78.876.950/0001-71;78876950000171;2021-10-22T01:00:02.000000Z;2021-10-22T01:00:02.000000Z
170;ALPA;ALPARGATAS;CONSUMO CÍCLICO;TECIDOS, VESTUÁRIO E CALÇADOS;CALÇADOS;N1;"";ALPA3, ALPA4;61.079.117/0001-05;61079117000105;2021-10-22T01:00:02.000000Z;2021-10-22T01:00:02.000000Z
171;CAMB;CAMBUCI;CONSUMO CÍCLICO;TECIDOS, VESTUÁRIO E CALÇADOS;CALÇADOS;"";"";CAMB3;61.088.894/0001-08;61088894000108;2021-10-22T01:00:02.000000Z;2021-10-22T01:00:02.000000Z
172;GRND;GRENDENE;CONSUMO CÍCLICO;TECIDOS, VESTUÁRIO E CALÇADOS;CALÇADOS;NM;"";GRND3;89.850.341/0001-60;89850341000160;2021-10-22T01:00:02.000000Z;2021-10-22T01:00:02.000000Z
173;VULC;VULCABRAS;CONSUMO CÍCLICO;TECIDOS, VESTUÁRIO E CALÇADOS;CALÇADOS;NM;"";VULC3;50.926.955/0001-42;50926955000142;2021-10-22T01:00:02.000000Z;2021-10-22T01:00:02.000000Z
174;MNDL;MUNDIAL;CONSUMO CÍCLICO;TECIDOS, VESTUÁRIO E CALÇADOS;ACESSÓRIOS;"";"";MNDL3;88.610.191/0001-54;88610191000154;2021-10-22T01:00:02.000000Z;2021-10-22T01:00:02.000000Z
175;TECN;TECHNOS;CONSUMO CÍCLICO;TECIDOS, VESTUÁRIO E CALÇADOS;ACESSÓRIOS;NM;"";TECN3;09.295.063/0001-97;9295063000197;2021-10-22T01:00:02.000000Z;2021-10-22T01:00:02.000000Z
176;VIVA;VIVARA S.A.;CONSUMO CÍCLICO;TECIDOS, VESTUÁRIO E CALÇADOS;ACESSÓRIOS;NM;"";VIVA3;33.839.910/0001-11;33839910000111;2021-10-22T01:00:02.000000Z;2021-10-22T01:00:02.000000Z
177;WHRL;WHIRLPOOL;CONSUMO CÍCLICO;UTILIDADES DOMÉSTICAS;ELETRODOMÉSTICOS;"";"";WHRL3;59.105.999/0001-86;59105999000186;2021-10-22T01:00:02.000000Z;2021-10-22T01:00:02.000000Z
178;UCAS;UNICASA;CONSUMO CÍCLICO;UTILIDADES DOMÉSTICAS;MÓVEIS;NM;"";UCAS3;90.441.460/0001-48;90441460000148;2021-10-22T01:00:02.000000Z;2021-10-22T01:00:02.000000Z
179;HETA;HERCULES;CONSUMO CÍCLICO;UTILIDADES DOMÉSTICAS;UTENSÍLIOS DOMÉSTICOS;"";"";HETA3, HETA4;92.749.225/0001-63;92749225000163;2021-10-22T01:00:02.000000Z;2021-10-22T01:00:02.000000Z
180;MYPK;IOCHP-MAXION;CONSUMO CÍCLICO;AUTOMÓVEIS E MOTOCICLETAS;AUTOMÓVEIS E MOTOCICLETAS;NM;"";MYPK3;61.156.113/0001-75;61156113000175;2021-10-22T01:00:02.000000Z;2021-10-22T01:00:02.000000Z
181;LEVE;METAL LEVE;CONSUMO CÍCLICO;AUTOMÓVEIS E MOTOCICLETAS;AUTOMÓVEIS E MOTOCICLETAS;NM;"";LEVE3;60.476.884/0001-87;60476884000187;2021-10-22T01:00:02.000000Z;2021-10-22T01:00:02.000000Z
182;PLAS;PLASCAR PART;CONSUMO CÍCLICO;AUTOMÓVEIS E MOTOCICLETAS;AUTOMÓVEIS E MOTOCICLETAS;"";"";PLAS3;51.928.174/0001-50;51928174000150;2021-10-22T01:00:02.000000Z;2021-10-22T01:00:02.000000Z
183;HOOT;HOTEIS OTHON;CONSUMO CÍCLICO;HOTEIS E RESTAURANTES;HOTELARIA;"";"";HOOT4;33.200.049/0001-47;33200049000147;2021-10-22T01:00:02.000000Z;2021-10-22T01:00:02.000000Z
184;BKBR;BK BRASIL;CONSUMO CÍCLICO;HOTEIS E RESTAURANTES;RESTAURANTE E SIMILARES;NM;"";BKBR3;13.574.594/0001-96;13574594000196;2021-10-22T01:00:02.000000Z;2021-10-22T01:00:02.000000Z
185;MEAL;IMC S/A;CONSUMO CÍCLICO;HOTEIS E RESTAURANTES;RESTAURANTE E SIMILARES;NM;"";MEAL3;17.314.329/0001-20;17314329000120;2021-10-22T01:00:02.000000Z;2021-10-22T01:00:02.000000Z
186;BMKS;BIC MONARK;CONSUMO CÍCLICO;VIAGENS E LAZER;BICICLETAS;"";"";BMKS3;56.992.423/0001-90;56992423000190;2021-10-22T01:00:02.000000Z;2021-10-22T01:00:02.000000Z
187;ESTR;ESTRELA;CONSUMO CÍCLICO;VIAGENS E LAZER;BRINQUEDOS E JOGOS;"";"";ESTR4, ESTR3;61.082.004/0001-50;61082004000150;2021-10-22T01:00:02.000000Z;2021-10-22T01:00:02.000000Z
188;AHEB;SPTURIS;CONSUMO CÍCLICO;VIAGENS E LAZER;PRODUÇÃO DE EVENTOS E SHOWS;"";"";AHEB3, AHEB5, AHEB6;62.002.886/0001-60;62002886000160;2021-10-22T01:00:02.000000Z;2021-10-22T01:00:02.000000Z
189;SHOW;TIME FOR FUN;CONSUMO CÍCLICO;VIAGENS E LAZER;PRODUÇÃO DE EVENTOS E SHOWS;NM;"";SHOW3;02.860.694/0001-62;2860694000162;2021-10-22T01:00:02.000000Z;2021-10-22T01:00:02.000000Z
190;CVCB;CVC BRASIL;CONSUMO CÍCLICO;VIAGENS E LAZER;VIAGENS E TURISMO;NM;"";CVCB3;10.760.260/0001-19;10760260000119;2021-10-22T01:00:02.000000Z;2021-10-22T01:00:02.000000Z
191;SMFT;SMART FIT;CONSUMO CÍCLICO;VIAGENS E LAZER;ATIVIDADES ESPORTIVAS;M2;"";SMFT3;07.594.978/0001-78;7594978000178;2021-10-22T01:00:02.000000Z;2021-10-22T01:00:02.000000Z
192;ANIM;ANIMA;CONSUMO CÍCLICO;DIVERSOS;SERVIÇOS EDUCACIONAIS;NM;"";ANIM3;09.288.252/0001-32;9288252000132;2021-10-22T01:00:02.000000Z;2021-10-22T01:00:02.000000Z
193;BAHI;BAHEMA;CONSUMO CÍCLICO;DIVERSOS;SERVIÇOS EDUCACIONAIS;MA;"";BAHI3;45.987.245/0001-92;45987245000192;2021-10-22T01:00:02.000000Z;2021-10-22T01:00:02.000000Z
194;COGN;COGNA ON;CONSUMO CÍCLICO;DIVERSOS;SERVIÇOS EDUCACIONAIS;NM;"";COGN3;02.800.026/0001-40;2800026000140;2021-10-22T01:00:02.000000Z;2021-10-22T01:00:02.000000Z
195;SEER;SER EDUCA;CONSUMO CÍCLICO;DIVERSOS;SERVIÇOS EDUCACIONAIS;NM;"";SEER3;04.986.320/0001-13;4986320000113;2021-10-22T01:00:02.000000Z;2021-10-22T01:00:02.000000Z
196;YDUQ;YDUQS PART;CONSUMO CÍCLICO;DIVERSOS;SERVIÇOS EDUCACIONAIS;NM;"";YDUQ3;08.807.432/0001-10;8807432000110;2021-10-22T01:00:02.000000Z;2021-10-22T01:00:02.000000Z
197;RENT;LOCALIZA;CONSUMO CÍCLICO;DIVERSOS;ALUGUEL DE CARROS;NM;"";RENT3;16.670.085/0001-55;16670085000155;2021-10-22T01:00:02.000000Z;2021-10-22T01:00:02.000000Z
198;LCAM;LOCAMERICA;CONSUMO CÍCLICO;DIVERSOS;ALUGUEL DE CARROS;NM;"";LCAM3;10.215.988/0001-60;10215988000160;2021-10-22T01:00:02.000000Z;2021-10-22T01:00:02.000000Z
199;MSRO;MAESTROLOC;CONSUMO CÍCLICO;DIVERSOS;ALUGUEL DE CARROS;M2;"";MSRO3;08.795.211/0001-70;8795211000170;2021-10-22T01:00:02.000000Z;2021-10-22T01:00:02.000000Z
200;MOVI;MOVIDA;CONSUMO CÍCLICO;DIVERSOS;ALUGUEL DE CARROS;NM;"";MOVI3;21.314.559/0001-66;21314559000166;2021-10-22T01:00:02.000000Z;2021-10-22T01:00:02.000000Z
201;UNID;UNIDAS;CONSUMO CÍCLICO;DIVERSOS;ALUGUEL DE CARROS;"";"";"";"";"";2021-10-22T01:00:02.000000Z;2021-10-22T01:00:02.000000Z
202;SMLS;SMILES;CONSUMO CÍCLICO;DIVERSOS;PROGRAMAS DE FIDELIZAÇÃO;NM;"";SMLS3;05.730.375/0001-20;5730375000120;2021-10-22T01:00:02.000000Z;2021-10-22T01:00:02.000000Z
203;ARZZ;AREZZO CO;CONSUMO CÍCLICO;COMÉRCIO;TECIDOS, VESTUÁRIO E CALÇADOS;NM;"";ARZZ3;16.590.234/0001-76;16590234000176;2021-10-22T01:00:02.000000Z;2021-10-22T01:00:02.000000Z
204;CEAB;CEA MODAS;CONSUMO CÍCLICO;COMÉRCIO;TECIDOS, VESTUÁRIO E CALÇADOS;NM;"";CEAB3;45.242.914/0001-05;45242914000105;2021-10-22T01:00:02.000000Z;2021-10-22T01:00:02.000000Z
205;CGRA;GRAZZIOTIN;CONSUMO CÍCLICO;COMÉRCIO;TECIDOS, VESTUÁRIO E CALÇADOS;"";"";CGRA4, CGRA3;92.012.467/0001-70;92012467000170;2021-10-22T01:00:02.000000Z;2021-10-22T01:00:02.000000Z
206;GUAR;GUARARAPES;CONSUMO CÍCLICO;COMÉRCIO;TECIDOS, VESTUÁRIO E CALÇADOS;"";"";GUAR3;08.402.943/0001-52;8402943000152;2021-10-22T01:00:02.000000Z;2021-10-22T01:00:02.000000Z
207;LLIS;LE LIS BLANC;CONSUMO CÍCLICO;COMÉRCIO;TECIDOS, VESTUÁRIO E CALÇADOS;NM;"";LLIS3;49.669.856/0001-43;49669856000143;2021-10-22T01:00:02.000000Z;2021-10-22T01:00:02.000000Z
208;AMAR;LOJAS MARISA;CONSUMO CÍCLICO;COMÉRCIO;TECIDOS, VESTUÁRIO E CALÇADOS;NM;"";AMAR3;61.189.288/0001-89;61189288000189;2021-10-22T01:00:02.000000Z;2021-10-22T01:00:02.000000Z
209;LREN;LOJAS RENNER;CONSUMO CÍCLICO;COMÉRCIO;TECIDOS, VESTUÁRIO E CALÇADOS;NM;"";LREN3;92.754.738/0001-62;92754738000162;2021-10-22T01:00:02.000000Z;2021-10-22T01:00:02.000000Z
210;MGLU;MAGAZ LUIZA;CONSUMO CÍCLICO;COMÉRCIO;ELETRODOMÉSTICOS;NM;"";MGLU3;47.960.950/0001-21;47960950000121;2021-10-22T01:00:02.000000Z;2021-10-22T01:00:02.000000Z
211;VVAR;VIAVAREJO;CONSUMO CÍCLICO;COMÉRCIO;ELETRODOMÉSTICOS;NM;"";VVAR3;33.041.260/0652-90;33041260065290;2021-10-22T01:00:02.000000Z;2021-10-22T01:00:02.000000Z
212;BTOW;B2W DIGITAL;CONSUMO CÍCLICO;COMÉRCIO;PRODUTOS DIVERSOS;NM;"";BTOW3;00.776.574/0001-56;776574000156;2021-10-22T01:00:02.000000Z;2021-10-22T01:00:02.000000Z
213;CNTO;CENTAURO;CONSUMO CÍCLICO;COMÉRCIO;PRODUTOS DIVERSOS;NM;"";CNTO3;13.217.485/0001-11;13217485000111;2021-10-22T01:00:02.000000Z;2021-10-22T01:00:02.000000Z
214;LAME;LOJAS AMERIC;CONSUMO CÍCLICO;COMÉRCIO;PRODUTOS DIVERSOS;N1;"";LAME3, LAME4;33.014.556/0001-96;33014556000196;2021-10-22T01:00:02.000000Z;2021-10-22T01:00:02.000000Z
215;SLED;SARAIVA LIVR;CONSUMO CÍCLICO;COMÉRCIO;PRODUTOS DIVERSOS;N2;"";SLED4, SLED3;60.500.139/0001-26;60500139000126;2021-10-22T01:00:02.000000Z;2021-10-22T01:00:02.000000Z
216;BIOM;BIOMM;SAÚDE;MEDICAMENTOS E OUTROS PRODUTOS;MEDICAMENTOS E OUTROS PRODUTOS;MA;"";BIOM3;04.752.991/0001-10;4752991000110;2021-10-22T01:00:02.000000Z;2021-10-22T01:00:02.000000Z
217;GBIO;BIOTOSCANA;SAÚDE;MEDICAMENTOS E OUTROS PRODUTOS;MEDICAMENTOS E OUTROS PRODUTOS;DR3;"";GBIO33;19.688.956/0001-56;19688956000156;2021-10-22T01:00:02.000000Z;2021-10-22T01:00:02.000000Z
218;NRTQ;NORTCQUIMICA;SAÚDE;MEDICAMENTOS E OUTROS PRODUTOS;MEDICAMENTOS E OUTROS PRODUTOS;MA;"";NRTQ3;29.950.060/0001-57;29950060000157;2021-10-22T01:00:02.000000Z;2021-10-22T01:00:02.000000Z
219;OFSA;OUROFINO S/A;SAÚDE;MEDICAMENTOS E OUTROS PRODUTOS;MEDICAMENTOS E OUTROS PRODUTOS;NM;"";OFSA3;20.258.278/0001-70;20258278000170;2021-10-22T01:00:02.000000Z;2021-10-22T01:00:02.000000Z
220;ADHM;ADVANCED-DH;SAÚDE;SERVIÇOS MÉDICO - HOSPITALARES, ANÁLISES E DIAGNÓSTICOS;SERVIÇOS MÉDICO - HOSPITALARES, ANÁLISES E DIAGNÓSTICOS;"";"";ADHM1, ADHM3;10.345.009/0001-98;10345009000198;2021-10-22T01:00:02.000000Z;2021-10-22T01:00:02.000000Z
221;AALR;ALLIAR;SAÚDE;SERVIÇOS MÉDICO - HOSPITALARES, ANÁLISES E DIAGNÓSTICOS;SERVIÇOS MÉDICO - HOSPITALARES, ANÁLISES E DIAGNÓSTICOS;NM;"";AALR3;42.771.949/0001-35;42771949000135;2021-10-22T01:00:02.000000Z;2021-10-22T01:00:02.000000Z
222;DASA;DASA;SAÚDE;SERVIÇOS MÉDICO - HOSPITALARES, ANÁLISES E DIAGNÓSTICOS;SERVIÇOS MÉDICO - HOSPITALARES, ANÁLISES E DIAGNÓSTICOS;"";"";DASA3;61.486.650/0001-83;61486650000183;2021-10-22T01:00:02.000000Z;2021-10-22T01:00:02.000000Z
223;FLRY;FLEURY;SAÚDE;SERVIÇOS MÉDICO - HOSPITALARES, ANÁLISES E DIAGNÓSTICOS;SERVIÇOS MÉDICO - HOSPITALARES, ANÁLISES E DIAGNÓSTICOS;NM;"";FLRY3;60.840.055/0001-31;60840055000131;2021-10-22T01:00:02.000000Z;2021-10-22T01:00:02.000000Z
224;HAPV;HAPVIDA;SAÚDE;SERVIÇOS MÉDICO - HOSPITALARES, ANÁLISES E DIAGNÓSTICOS;SERVIÇOS MÉDICO - HOSPITALARES, ANÁLISES E DIAGNÓSTICOS;NM;"";HAPV3;05.197.443/0001-38;5197443000138;2021-10-22T01:00:02.000000Z;2021-10-22T01:00:02.000000Z
225;PARD;IHPARDINI;SAÚDE;SERVIÇOS MÉDICO - HOSPITALARES, ANÁLISES E DIAGNÓSTICOS;SERVIÇOS MÉDICO - HOSPITALARES, ANÁLISES E DIAGNÓSTICOS;NM;"";PARD3;19.378.769/0001-76;19378769000176;2021-10-22T01:00:02.000000Z;2021-10-22T01:00:02.000000Z
226;GNDI;INTERMEDICA;SAÚDE;SERVIÇOS MÉDICO - HOSPITALARES, ANÁLISES E DIAGNÓSTICOS;SERVIÇOS MÉDICO - HOSPITALARES, ANÁLISES E DIAGNÓSTICOS;NM;"";GNDI3;19.853.511/0001-84;19853511000184;2021-10-22T01:00:02.000000Z;2021-10-22T01:00:02.000000Z
227;ODPV;ODONTOPREV;SAÚDE;SERVIÇOS MÉDICO - HOSPITALARES, ANÁLISES E DIAGNÓSTICOS;SERVIÇOS MÉDICO - HOSPITALARES, ANÁLISES E DIAGNÓSTICOS;NM;"";ODPV3;58.119.199/0001-51;58119199000151;2021-10-22T01:00:02.000000Z;2021-10-22T01:00:02.000000Z
228;QUAL;QUALICORP;SAÚDE;SERVIÇOS MÉDICO - HOSPITALARES, ANÁLISES E DIAGNÓSTICOS;SERVIÇOS MÉDICO - HOSPITALARES, ANÁLISES E DIAGNÓSTICOS;NM;"";QUAL3;11.992.680/0001-93;11992680000193;2021-10-22T01:00:02.000000Z;2021-10-22T01:00:02.000000Z
229;BALM;BAUMER;SAÚDE;EQUIPAMENTOS;EQUIPAMENTOS;"";"";BALM4, BALM3;61.374.161/0001-30;61374161000130;2021-10-22T01:00:02.000000Z;2021-10-22T01:00:02.000000Z
230;LMED;LIFEMED;SAÚDE;EQUIPAMENTOS;EQUIPAMENTOS;MA;"";LMED3;02.357.251/0001-53;2357251000153;2021-10-22T01:00:02.000000Z;2021-10-22T01:00:02.000000Z
231;PNVL;DIMED;SAÚDE;COMÉRCIO E DISTRIBUIÇÃO;MEDICAMENTOS E OUTROS PRODUTOS;"";"";PNVL4, PNVL3;92.665.611/0001-77;92665611000177;2021-10-22T01:00:02.000000Z;2021-10-22T01:00:02.000000Z
232;HYPE;HYPERA;SAÚDE;COMÉRCIO E DISTRIBUIÇÃO;MEDICAMENTOS E OUTROS PRODUTOS;NM;"";HYPE3;02.932.074/0001-91;2932074000191;2021-10-22T01:00:02.000000Z;2021-10-22T01:00:02.000000Z
233;PFRM;PROFARMA;SAÚDE;COMÉRCIO E DISTRIBUIÇÃO;MEDICAMENTOS E OUTROS PRODUTOS;NM;"";PFRM3;45.453.214/0001-51;45453214000151;2021-10-22T01:00:02.000000Z;2021-10-22T01:00:02.000000Z
234;RADL;RAIADROGASIL;SAÚDE;COMÉRCIO E DISTRIBUIÇÃO;MEDICAMENTOS E OUTROS PRODUTOS;NM;"";RADL3;61.585.865/0001-51;61585865000151;2021-10-22T01:00:02.000000Z;2021-10-22T01:00:02.000000Z
235;POSI;POSITIVO TEC;TECNOLOGIA DA INFORMAÇÃO;COMPUTADORES E EQUIPAMENTOS;COMPUTADORES E EQUIPAMENTOS;NM;"";POSI3;81.243.735/0001-48;81243735000148;2021-10-22T01:00:02.000000Z;2021-10-22T01:00:02.000000Z
236;BRQB;BRQ;TECNOLOGIA DA INFORMAÇÃO;PROGRAMAS E SERVIÇOS;PROGRAMAS E SERVIÇOS;MA;"";BRQB3;36.542.025/0001-64;36542025000164;2021-10-22T01:00:02.000000Z;2021-10-22T01:00:02.000000Z
237;LINX;LINX;TECNOLOGIA DA INFORMAÇÃO;PROGRAMAS E SERVIÇOS;PROGRAMAS E SERVIÇOS;NM;"";LINX3;06.948.969/0001-75;6948969000175;2021-10-22T01:00:02.000000Z;2021-10-22T01:00:02.000000Z
238;LWSA;LOCAWEB;TECNOLOGIA DA INFORMAÇÃO;PROGRAMAS E SERVIÇOS;PROGRAMAS E SERVIÇOS;NM;"";LWSA3;02.351.877/0001-52;2351877000152;2021-10-22T01:00:02.000000Z;2021-10-22T01:00:02.000000Z
239;QUSW;QUALITY SOFT;TECNOLOGIA DA INFORMAÇÃO;PROGRAMAS E SERVIÇOS;PROGRAMAS E SERVIÇOS;MA;"";QUSW3;35.791.391/0001-94;35791391000194;2021-10-22T01:00:02.000000Z;2021-10-22T01:00:02.000000Z
240;SQIA;SINQIA;TECNOLOGIA DA INFORMAÇÃO;PROGRAMAS E SERVIÇOS;PROGRAMAS E SERVIÇOS;NM;"";SQIA3;04.065.791/0001-99;4065791000199;2021-10-22T01:00:02.000000Z;2021-10-22T01:00:02.000000Z
241;TOTS;TOTVS;TECNOLOGIA DA INFORMAÇÃO;PROGRAMAS E SERVIÇOS;PROGRAMAS E SERVIÇOS;NM;"";TOTS3;53.113.791/0001-22;53113791000122;2021-10-22T01:00:02.000000Z;2021-10-22T01:00:02.000000Z
242;ALGT;ALGAR TELEC;COMUNICAÇÕES;TELECOMUNICAÇÕES;TELECOMUNICAÇÕES;"";"";"";"";"";2021-10-22T01:00:02.000000Z;2021-10-22T01:00:02.000000Z
243;OIBR;OI;COMUNICAÇÕES;TELECOMUNICAÇÕES;TELECOMUNICAÇÕES;N1;"";OIBR4, OIBR3;76.535.764/0001-43;76535764000143;2021-10-22T01:00:02.000000Z;2021-10-22T01:00:02.000000Z
244;TELB;TELEBRAS;COMUNICAÇÕES;TELECOMUNICAÇÕES;TELECOMUNICAÇÕES;"";"";TELB4, TELB3;00.336.701/0001-04;336701000104;2021-10-22T01:00:02.000000Z;2021-10-22T01:00:02.000000Z
245;VIVT;TELEF BRASIL;COMUNICAÇÕES;TELECOMUNICAÇÕES;TELECOMUNICAÇÕES;"";"";VIVT3, VIVT4;02.558.157/0001-62;2558157000162;2021-10-22T01:00:02.000000Z;2021-10-22T01:00:02.000000Z
246;TIMP;TIM PART S/A;COMUNICAÇÕES;TELECOMUNICAÇÕES;TELECOMUNICAÇÕES;NM;"";TIMP3;02.558.115/0001-21;2558115000121;2021-10-22T01:00:02.000000Z;2021-10-22T01:00:02.000000Z
247;CNSY;CINESYSTEM;COMUNICAÇÕES;MÍDIA;PRODUÇÃO E DIFUSÃO DE FILMES E PROGRAMAS;MA;"";CNSY3;07.437.016/0001-05;7437016000105;2021-10-22T01:00:02.000000Z;2021-10-22T01:00:02.000000Z
248;AESL;AES SUL;UTILIDADE PÚBLICA;ENERGIA ELÉTRICA;ENERGIA ELÉTRICA;"";"";"";"";"";2021-10-22T01:00:02.000000Z;2021-10-22T01:00:02.000000Z
249;TIET;AES TIETE E;UTILIDADE PÚBLICA;ENERGIA ELÉTRICA;ENERGIA ELÉTRICA;N2;"";TIET11, TIET3, TIET4;04.128.563/0001-10;4128563000110;2021-10-22T01:00:02.000000Z;2021-10-22T01:00:02.000000Z
250;AFLT;AFLUENTE T;UTILIDADE PÚBLICA;ENERGIA ELÉTRICA;ENERGIA ELÉTRICA;"";"";AFLT3;10.338.320/0001-00;10338320000100;2021-10-22T01:00:02.000000Z;2021-10-22T01:00:02.000000Z
251;ALUP;ALUPAR;UTILIDADE PÚBLICA;ENERGIA ELÉTRICA;ENERGIA ELÉTRICA;N2;"";ALUP11, ALUP3, ALUP4;08.364.948/0001-38;8364948000138;2021-10-22T01:00:02.000000Z;2021-10-22T01:00:02.000000Z
252;CBEE;AMPLA ENERG;UTILIDADE PÚBLICA;ENERGIA ELÉTRICA;ENERGIA ELÉTRICA;"";"";CBEE3;33.050.071/0001-58;33050071000158;2021-10-22T01:00:02.000000Z;2021-10-22T01:00:02.000000Z
253;CPTE;CACHOEIRA;UTILIDADE PÚBLICA;ENERGIA ELÉTRICA;ENERGIA ELÉTRICA;MB;"";"";"";"";2021-10-22T01:00:02.000000Z;2021-10-22T01:00:02.000000Z
254;CEBR;CEB;UTILIDADE PÚBLICA;ENERGIA ELÉTRICA;ENERGIA ELÉTRICA;"";"";CEBR6, CEBR5, CEBR3;00.070.698/0001-11;70698000111;2021-10-22T01:00:02.000000Z;2021-10-22T01:00:02.000000Z
255;CEED;CEEE-D;UTILIDADE PÚBLICA;ENERGIA ELÉTRICA;ENERGIA ELÉTRICA;N1;"";CEED4, CEED3;08.467.115/0001-00;8467115000100;2021-10-22T01:00:02.000000Z;2021-10-22T01:00:02.000000Z
256;EEEL;CEEE-GT;UTILIDADE PÚBLICA;ENERGIA ELÉTRICA;ENERGIA ELÉTRICA;N1;"";EEEL4, EEEL3;92.715.812/0001-31;92715812000131;2021-10-22T01:00:02.000000Z;2021-10-22T01:00:02.000000Z
257;CLSC;CELESC;UTILIDADE PÚBLICA;ENERGIA ELÉTRICA;ENERGIA ELÉTRICA;N2;"";CLSC4, CLSC3;83.878.892/0001-55;83878892000155;2021-10-22T01:00:02.000000Z;2021-10-22T01:00:02.000000Z
258;GPAR;CELGPAR;UTILIDADE PÚBLICA;ENERGIA ELÉTRICA;ENERGIA ELÉTRICA;"";"";GPAR3;08.560.444/0001-93;8560444000193;2021-10-22T01:00:02.000000Z;2021-10-22T01:00:02.000000Z
259;CEPE;CELPE;UTILIDADE PÚBLICA;ENERGIA ELÉTRICA;ENERGIA ELÉTRICA;"";"";CEPE5, CEPE3;10.835.932/0001-08;10835932000108;2021-10-22T01:00:02.000000Z;2021-10-22T01:00:02.000000Z
260;CMIG;CEMIG;UTILIDADE PÚBLICA;ENERGIA ELÉTRICA;ENERGIA ELÉTRICA;N1;"";CMIG4, CMIG3;17.155.730/0001-64;17155730000164;2021-10-22T01:00:02.000000Z;2021-10-22T01:00:02.000000Z
261;CMGD;CEMIG DIST;UTILIDADE PÚBLICA;ENERGIA ELÉTRICA;ENERGIA ELÉTRICA;"";"";"";"";"";2021-10-22T01:00:02.000000Z;2021-10-22T01:00:02.000000Z
262;CMGT;CEMIG GT;UTILIDADE PÚBLICA;ENERGIA ELÉTRICA;ENERGIA ELÉTRICA;"";"";"";"";"";2021-10-22T01:00:02.000000Z;2021-10-22T01:00:02.000000Z
263;CESP;CESP;UTILIDADE PÚBLICA;ENERGIA ELÉTRICA;ENERGIA ELÉTRICA;N1;"";CESP6, CESP5, CESP3;60.933.603/0001-78;60933603000178;2021-10-22T01:00:02.000000Z;2021-10-22T01:00:02.000000Z
264;CEEB;COELBA;UTILIDADE PÚBLICA;ENERGIA ELÉTRICA;ENERGIA ELÉTRICA;"";"";CEEB3, CEEB5, CEEB6;15.139.629/0001-94;15139629000194;2021-10-22T01:00:02.000000Z;2021-10-22T01:00:02.000000Z
265;COCE;COELCE;UTILIDADE PÚBLICA;ENERGIA ELÉTRICA;ENERGIA ELÉTRICA;"";"";COCE6, COCE5, COCE3;07.047.251/0001-70;7047251000170;2021-10-22T01:00:02.000000Z;2021-10-22T01:00:02.000000Z
266;CPLE;COPEL;UTILIDADE PÚBLICA;ENERGIA ELÉTRICA;ENERGIA ELÉTRICA;N1;"";CPLE6, CPLE5, CPLE3;76.483.817/0001-20;76483817000120;2021-10-22T01:00:02.000000Z;2021-10-22T01:00:02.000000Z
267;CSRN;COSERN;UTILIDADE PÚBLICA;ENERGIA ELÉTRICA;ENERGIA ELÉTRICA;"";"";CSRN3, CSRN5, CSRN6;08.324.196/0001-81;8324196000181;2021-10-22T01:00:02.000000Z;2021-10-22T01:00:02.000000Z
268;CPFE;CPFL ENERGIA;UTILIDADE PÚBLICA;ENERGIA ELÉTRICA;ENERGIA ELÉTRICA;NM;"";CPFE3;02.429.144/0001-93;2429144000193;2021-10-22T01:00:02.000000Z;2021-10-22T01:00:02.000000Z
269;CPFG;CPFL GERACAO;UTILIDADE PÚBLICA;ENERGIA ELÉTRICA;ENERGIA ELÉTRICA;"";"";"";"";"";2021-10-22T01:00:02.000000Z;2021-10-22T01:00:02.000000Z
270;CPFP;CPFL PIRATIN;UTILIDADE PÚBLICA;ENERGIA ELÉTRICA;ENERGIA ELÉTRICA;"";"";"";"";"";2021-10-22T01:00:02.000000Z;2021-10-22T01:00:02.000000Z
271;CPRE;CPFL RENOVAV;UTILIDADE PÚBLICA;ENERGIA ELÉTRICA;ENERGIA ELÉTRICA;NM;"";CPRE3;08.439.659/0001-50;8439659000150;2021-10-22T01:00:02.000000Z;2021-10-22T01:00:02.000000Z
272;EBEN;EBE;UTILIDADE PÚBLICA;ENERGIA ELÉTRICA;ENERGIA ELÉTRICA;"";"";"";"";"";2021-10-22T01:00:02.000000Z;2021-10-22T01:00:02.000000Z
273;EKTR;ELEKTRO;UTILIDADE PÚBLICA;ENERGIA ELÉTRICA;ENERGIA ELÉTRICA;"";"";EKTR3, EKTR4;02.328.280/0001-97;2328280000197;2021-10-22T01:00:02.000000Z;2021-10-22T01:00:02.000000Z
274;ELET;ELETROBRAS;UTILIDADE PÚBLICA;ENERGIA ELÉTRICA;ENERGIA ELÉTRICA;N1;"";ELET3, ELET5, ELET6;00.001.180/0001-26;1180000126;2021-10-22T01:00:02.000000Z;2021-10-22T01:00:02.000000Z
275;LIPR;ELETROPAR;UTILIDADE PÚBLICA;ENERGIA ELÉTRICA;ENERGIA ELÉTRICA;"";"";LIPR3;01.104.937/0001-70;1104937000170;2021-10-22T01:00:02.000000Z;2021-10-22T01:00:02.000000Z
276;EMAE;EMAE;UTILIDADE PÚBLICA;ENERGIA ELÉTRICA;ENERGIA ELÉTRICA;"";"";EMAE3, EMAE4;02.302.101/0001-42;2302101000142;2021-10-22T01:00:02.000000Z;2021-10-22T01:00:02.000000Z
277;ENBR;ENERGIAS BR;UTILIDADE PÚBLICA;ENERGIA ELÉTRICA;ENERGIA ELÉTRICA;NM;"";ENBR3;03.983.431/0001-03;3983431000103;2021-10-22T01:00:02.000000Z;2021-10-22T01:00:02.000000Z
278;ENGI;ENERGISA;UTILIDADE PÚBLICA;ENERGIA ELÉTRICA;ENERGIA ELÉTRICA;N2;"";ENGI11, ENGI3, ENGI4;00.864.214/0001-06;864214000106;2021-10-22T01:00:02.000000Z;2021-10-22T01:00:02.000000Z
279;ENMT;ENERGISA MT;UTILIDADE PÚBLICA;ENERGIA ELÉTRICA;ENERGIA ELÉTRICA;"";"";ENMT3, ENMT4;03.467.321/0001-99;3467321000199;2021-10-22T01:00:02.000000Z;2021-10-22T01:00:02.000000Z
280;ENER;ENERSUL;UTILIDADE PÚBLICA;ENERGIA ELÉTRICA;ENERGIA ELÉTRICA;"";"";"";"";"";2021-10-22T01:00:02.000000Z;2021-10-22T01:00:02.000000Z
281;ENEV;ENEVA;UTILIDADE PÚBLICA;ENERGIA ELÉTRICA;ENERGIA ELÉTRICA;NM;"";ENEV3;04.423.567/0001-21;4423567000121;2021-10-22T01:00:02.000000Z;2021-10-22T01:00:02.000000Z
282;EGIE;ENGIE BRASIL;UTILIDADE PÚBLICA;ENERGIA ELÉTRICA;ENERGIA ELÉTRICA;NM;"";EGIE3;02.474.103/0001-19;2474103000119;2021-10-22T01:00:02.000000Z;2021-10-22T01:00:02.000000Z
283;EQPA;EQTL PARA;UTILIDADE PÚBLICA;ENERGIA ELÉTRICA;ENERGIA ELÉTRICA;"";"";EQPA3, EQPA5, EQPA6, EQPA7;04.895.728/0001-80;4895728000180;2021-10-22T01:00:02.000000Z;2021-10-22T01:00:02.000000Z
284;EQMA;EQTLMARANHAO;UTILIDADE PÚBLICA;ENERGIA ELÉTRICA;ENERGIA ELÉTRICA;MB;"";"";"";"";2021-10-22T01:00:02.000000Z;2021-10-22T01:00:02.000000Z
285;EQTL;EQUATORIAL;UTILIDADE PÚBLICA;ENERGIA ELÉTRICA;ENERGIA ELÉTRICA;NM;"";EQTL3;03.220.438/0001-73;3220438000173;2021-10-22T01:00:02.000000Z;2021-10-22T01:00:02.000000Z
286;ESCE;ESCELSA;UTILIDADE PÚBLICA;ENERGIA ELÉTRICA;ENERGIA ELÉTRICA;"";"";"";"";"";2021-10-22T01:00:02.000000Z;2021-10-22T01:00:02.000000Z
287;FGEN;FGENERGIA;UTILIDADE PÚBLICA;ENERGIA ELÉTRICA;ENERGIA ELÉTRICA;"";"";"";"";"";2021-10-22T01:00:02.000000Z;2021-10-22T01:00:02.000000Z
288;GEPA;GER PARANAP;UTILIDADE PÚBLICA;ENERGIA ELÉTRICA;ENERGIA ELÉTRICA;"";"";GEPA3, GEPA4;02.998.301/0001-81;2998301000181;2021-10-22T01:00:02.000000Z;2021-10-22T01:00:02.000000Z
289;ITPB;ITAPEBI;UTILIDADE PÚBLICA;ENERGIA ELÉTRICA;ENERGIA ELÉTRICA;"";"";"";"";"";2021-10-22T01:00:02.000000Z;2021-10-22T01:00:02.000000Z
290;LIGH;LIGHT;UTILIDADE PÚBLICA;ENERGIA ELÉTRICA;ENERGIA ELÉTRICA;"";"";"";"";"";2021-10-22T01:00:02.000000Z;2021-10-22T01:00:02.000000Z
291;LIGT;LIGHT S/A;UTILIDADE PÚBLICA;ENERGIA ELÉTRICA;ENERGIA ELÉTRICA;NM;"";LIGT3;03.378.521/0001-75;3378521000175;2021-10-22T01:00:02.000000Z;2021-10-22T01:00:02.000000Z
292;NEOE;NEOENERGIA;UTILIDADE PÚBLICA;ENERGIA ELÉTRICA;ENERGIA ELÉTRICA;NM;"";NEOE3;01.083.200/0001-18;1083200000118;2021-10-22T01:00:02.000000Z;2021-10-22T01:00:02.000000Z
293;OMGE;OMEGA GER;UTILIDADE PÚBLICA;ENERGIA ELÉTRICA;ENERGIA ELÉTRICA;NM;"";OMGE3;09.149.503/0001-06;9149503000106;2021-10-22T01:00:02.000000Z;2021-10-22T01:00:02.000000Z
294;PALF;PAUL F LUZ;UTILIDADE PÚBLICA;ENERGIA ELÉTRICA;ENERGIA ELÉTRICA;"";"";"";"";"";2021-10-22T01:00:02.000000Z;2021-10-22T01:00:02.000000Z
295;PRMN;PROMAN;UTILIDADE PÚBLICA;ENERGIA ELÉTRICA;ENERGIA ELÉTRICA;MB;"";PRMN3B;02.291.077/0001-93;2291077000193;2021-10-22T01:00:02.000000Z;2021-10-22T01:00:02.000000Z
296;REDE;REDE ENERGIA;UTILIDADE PÚBLICA;ENERGIA ELÉTRICA;ENERGIA ELÉTRICA;"";"";REDE3;61.584.140/0001-49;61584140000149;2021-10-22T01:00:02.000000Z;2021-10-22T01:00:02.000000Z
297;RNEW;RENOVA;UTILIDADE PÚBLICA;ENERGIA ELÉTRICA;ENERGIA ELÉTRICA;N2;"";RNEW11, RNEW4, RNEW3;08.534.605/0001-74;8534605000174;2021-10-22T01:00:02.000000Z;2021-10-22T01:00:02.000000Z
298;STKF;STATKRAFT;UTILIDADE PÚBLICA;ENERGIA ELÉTRICA;ENERGIA ELÉTRICA;"";"";STKF3;00.622.416/0001-41;622416000141;2021-10-22T01:00:02.000000Z;2021-10-22T01:00:02.000000Z
299;STEN;STO ANTONIO;UTILIDADE PÚBLICA;ENERGIA ELÉTRICA;ENERGIA ELÉTRICA;"";"";"";"";"";2021-10-22T01:00:02.000000Z;2021-10-22T01:00:02.000000Z
300;TAEE;TAESA;UTILIDADE PÚBLICA;ENERGIA ELÉTRICA;ENERGIA ELÉTRICA;N2;"";TAEE11, TAEE3, TAEE4;07.859.971/0001-30;7859971000130;2021-10-22T01:00:02.000000Z;2021-10-22T01:00:02.000000Z
301;TMPE;TERMOPE;UTILIDADE PÚBLICA;ENERGIA ELÉTRICA;ENERGIA ELÉTRICA;"";"";"";"";"";2021-10-22T01:00:02.000000Z;2021-10-22T01:00:02.000000Z
302;TEPE;TERM. PE III;UTILIDADE PÚBLICA;ENERGIA ELÉTRICA;ENERGIA ELÉTRICA;"";"";"";"";"";2021-10-22T01:00:02.000000Z;2021-10-22T01:00:02.000000Z
303;TRPL;TRAN PAULIST;UTILIDADE PÚBLICA;ENERGIA ELÉTRICA;ENERGIA ELÉTRICA;N1;"";TRPL3, TRPL4;02.998.611/0001-04;2998611000104;2021-10-22T01:00:02.000000Z;2021-10-22T01:00:02.000000Z
304;UPKP;UPTICK;UTILIDADE PÚBLICA;ENERGIA ELÉTRICA;ENERGIA ELÉTRICA;MB;"";UPKP3B;02.162.616/0001-94;2162616000194;2021-10-22T01:00:02.000000Z;2021-10-22T01:00:02.000000Z
305;CASN;CASAN;UTILIDADE PÚBLICA;ÁGUA E SANEAMENTO;ÁGUA E SANEAMENTO;"";"";CASN4, CASN3;82.508.433/0001-17;82508433000117;2021-10-22T01:00:02.000000Z;2021-10-22T01:00:02.000000Z
306;CSMG;COPASA;UTILIDADE PÚBLICA;ÁGUA E SANEAMENTO;ÁGUA E SANEAMENTO;NM;"";CSMG3;17.281.106/0001-03;17281106000103;2021-10-22T01:00:02.000000Z;2021-10-22T01:00:02.000000Z
307;IGSN;IGUA SA;UTILIDADE PÚBLICA;ÁGUA E SANEAMENTO;ÁGUA E SANEAMENTO;MA;"";IGSN3;08.159.965/0001-33;8159965000133;2021-10-22T01:00:02.000000Z;2021-10-22T01:00:02.000000Z
308;SBSP;SABESP;UTILIDADE PÚBLICA;ÁGUA E SANEAMENTO;ÁGUA E SANEAMENTO;NM;"";SBSP3;43.776.517/0001-80;43776517000180;2021-10-22T01:00:02.000000Z;2021-10-22T01:00:02.000000Z
309;SAPR;SANEPAR;UTILIDADE PÚBLICA;ÁGUA E SANEAMENTO;ÁGUA E SANEAMENTO;N2;"";SAPR4, SAPR3, SAPR11;76.484.013/0001-45;76484013000145;2021-10-22T01:00:02.000000Z;2021-10-22T01:00:02.000000Z
310;SNST;SANESALTO;UTILIDADE PÚBLICA;ÁGUA E SANEAMENTO;ÁGUA E SANEAMENTO;"";"";"";"";"";2021-10-22T01:00:02.000000Z;2021-10-22T01:00:02.000000Z
311;CEGR;CEG;UTILIDADE PÚBLICA;GÁS;GÁS;"";"";CEGR3;33.938.119/0001-69;33938119000169;2021-10-22T01:00:02.000000Z;2021-10-22T01:00:02.000000Z
312;CGAS;COMGAS;UTILIDADE PÚBLICA;GÁS;GÁS;"";"";CGAS3, CGAS5;61.856.571/0001-17;61856571000117;2021-10-22T01:00:02.000000Z;2021-10-22T01:00:02.000000Z
313;ABCB;ABC BRASIL;FINANCEIRO;INTERMEDIÁRIOS FINANCEIROS;BANCOS;N2;"";ABCB4;28.195.667/0001-06;28195667000106;2021-10-22T01:00:02.000000Z;2021-10-22T01:00:02.000000Z
314;RPAD;ALFA HOLDING;FINANCEIRO;INTERMEDIÁRIOS FINANCEIROS;BANCOS;"";"";RPAD3, RPAD5, RPAD6;17.167.396/0001-69;17167396000169;2021-10-22T01:00:02.000000Z;2021-10-22T01:00:02.000000Z
315;BRIV;ALFA INVEST;FINANCEIRO;INTERMEDIÁRIOS FINANCEIROS;BANCOS;"";"";BRIV3, BRIV4;60.770.336/0001-65;60770336000165;2021-10-22T01:00:02.000000Z;2021-10-22T01:00:02.000000Z
316;BAZA;AMAZONIA;FINANCEIRO;INTERMEDIÁRIOS FINANCEIROS;BANCOS;"";"";BAZA3;04.902.979/0001-44;4902979000144;2021-10-22T01:00:02.000000Z;2021-10-22T01:00:02.000000Z
317;BMGB;BANCO BMG;FINANCEIRO;INTERMEDIÁRIOS FINANCEIROS;BANCOS;N1;"";BMGB4;61.186.680/0001-74;61186680000174;2021-10-22T01:00:02.000000Z;2021-10-22T01:00:02.000000Z
318;BIDI;BANCO INTER;FINANCEIRO;INTERMEDIÁRIOS FINANCEIROS;BANCOS;N2;"";BIDI3, BIDI11, BIDI4;00.416.968/0001-01;416968000101;2021-10-22T01:00:02.000000Z;2021-10-22T01:00:02.000000Z
319;BPAN;BANCO PAN;FINANCEIRO;INTERMEDIÁRIOS FINANCEIROS;BANCOS;N1;"";BPAN4;59.285.411/0001-13;59285411000113;2021-10-22T01:00:02.000000Z;2021-10-22T01:00:02.000000Z
320;BGIP;BANESE;FINANCEIRO;INTERMEDIÁRIOS FINANCEIROS;BANCOS;"";"";BGIP3, BGIP4;13.009.717/0001-46;13009717000146;2021-10-22T01:00:02.000000Z;2021-10-22T01:00:02.000000Z
321;BEES;BANESTES;FINANCEIRO;INTERMEDIÁRIOS FINANCEIROS;BANCOS;"";"";BEES3, BEES4;28.127.603/0001-78;28127603000178;2021-10-22T01:00:02.000000Z;2021-10-22T01:00:02.000000Z
322;BPAR;BANPARA;FINANCEIRO;INTERMEDIÁRIOS FINANCEIROS;BANCOS;"";"";BPAR3;04.913.711/0001-08;4913711000108;2021-10-22T01:00:02.000000Z;2021-10-22T01:00:02.000000Z
323;BRSR;BANRISUL;FINANCEIRO;INTERMEDIÁRIOS FINANCEIROS;BANCOS;N1;"";BRSR6, BRSR5, BRSR3;92.702.067/0001-96;92702067000196;2021-10-22T01:00:02.000000Z;2021-10-22T01:00:02.000000Z
324;BBDC;BRADESCO;FINANCEIRO;INTERMEDIÁRIOS FINANCEIROS;BANCOS;N1;"";BBDC4, BBDC3;60.746.948/0001-12;60746948000112;2021-10-22T01:00:02.000000Z;2021-10-22T01:00:02.000000Z
325;BBAS;BRASIL;FINANCEIRO;INTERMEDIÁRIOS FINANCEIROS;BANCOS;NM;"";BBAS11, BBAS12, BBAS3;00.000.000/0001-91;191;2021-10-22T01:00:02.000000Z;2021-10-22T01:00:02.000000Z
326;BSLI;BRB BANCO;FINANCEIRO;INTERMEDIÁRIOS FINANCEIROS;BANCOS;"";"";BSLI4, BSLI3;00.000.208/0001-00;208000100;2021-10-22T01:00:02.000000Z;2021-10-22T01:00:02.000000Z
327;BPAC;BTGP BANCO;FINANCEIRO;INTERMEDIÁRIOS FINANCEIROS;BANCOS;"";"";BPAC11, BPAC3, BPAC5;30.306.294/0001-45;30306294000145;2021-10-22T01:00:02.000000Z;2021-10-22T01:00:02.000000Z
328;IDVL;INDUSVAL;FINANCEIRO;INTERMEDIÁRIOS FINANCEIROS;BANCOS;N2;"";IDVL3, IDVL4;61.024.352/0001-71;61024352000171;2021-10-22T01:00:02.000000Z;2021-10-22T01:00:02.000000Z
329;ITSA;ITAUSA;FINANCEIRO;INTERMEDIÁRIOS FINANCEIROS;BANCOS;N1;"";ITSA3, ITSA4;61.532.644/0001-15;61532644000115;2021-10-22T01:00:02.000000Z;2021-10-22T01:00:02.000000Z
330;ITUB;ITAUUNIBANCO;FINANCEIRO;INTERMEDIÁRIOS FINANCEIROS;BANCOS;N1;"";ITUB3, ITUB4;60.872.504/0001-23;60872504000123;2021-10-22T01:00:02.000000Z;2021-10-22T01:00:02.000000Z
331;BMEB;MERC BRASIL;FINANCEIRO;INTERMEDIÁRIOS FINANCEIROS;BANCOS;"";"";BMEB3, BMEB4;17.184.037/0001-10;17184037000110;2021-10-22T01:00:02.000000Z;2021-10-22T01:00:02.000000Z
332;BMIN;MERC INVEST;FINANCEIRO;INTERMEDIÁRIOS FINANCEIROS;BANCOS;"";"";BMIN3, BMIN4;34.169.557/0001-72;34169557000172;2021-10-22T01:00:02.000000Z;2021-10-22T01:00:02.000000Z
333;BNBR;NORD BRASIL;FINANCEIRO;INTERMEDIÁRIOS FINANCEIROS;BANCOS;"";"";BNBR3;07.237.373/0001-20;7237373000120;2021-10-22T01:00:02.000000Z;2021-10-22T01:00:02.000000Z
334;PRBC;PARANA;FINANCEIRO;INTERMEDIÁRIOS FINANCEIROS;BANCOS;"";"";"";"";"";2021-10-22T01:00:02.000000Z;2021-10-22T01:00:02.000000Z
335;PINE;PINE;FINANCEIRO;INTERMEDIÁRIOS FINANCEIROS;BANCOS;N2;"";PINE3, PINE4;62.144.175/0001-20;62144175000120;2021-10-22T01:00:02.000000Z;2021-10-22T01:00:02.000000Z
336;SANB;SANTANDER BR;FINANCEIRO;INTERMEDIÁRIOS FINANCEIROS;BANCOS;"";"";SANB4, SANB3, SANB11;90.400.888/0001-42;90400888000142;2021-10-22T01:00:02.000000Z;2021-10-22T01:00:02.000000Z
337;CRIV;ALFA FINANC;FINANCEIRO;INTERMEDIÁRIOS FINANCEIROS;SOC. CRÉDITO E FINANCIAMENTO;"";"";CRIV3, CRIV4;17.167.412/0001-13;17167412000113;2021-10-22T01:00:02.000000Z;2021-10-22T01:00:02.000000Z
338;FNCN;FINANSINOS;FINANCEIRO;INTERMEDIÁRIOS FINANCEIROS;SOC. CRÉDITO E FINANCIAMENTO;"";"";FNCN3;91.669.747/0001-92;91669747000192;2021-10-22T01:00:02.000000Z;2021-10-22T01:00:02.000000Z
339;MERC;MERC FINANC;FINANCEIRO;INTERMEDIÁRIOS FINANCEIROS;SOC. CRÉDITO E FINANCIAMENTO;"";"";MERC3, MERC4;33.040.601/0001-87;33040601000187;2021-10-22T01:00:02.000000Z;2021-10-22T01:00:02.000000Z
340;BDLS;BRADESCO LSG;FINANCEIRO;INTERMEDIÁRIOS FINANCEIROS;SOC. ARRENDAMENTO MERCANTIL;"";"";"";"";"";2021-10-22T01:00:02.000000Z;2021-10-22T01:00:02.000000Z
341;BVLS;BV LEASING;FINANCEIRO;INTERMEDIÁRIOS FINANCEIROS;SOC. ARRENDAMENTO MERCANTIL;"";"";"";"";"";2021-10-22T01:00:02.000000Z;2021-10-22T01:00:02.000000Z
342;DBEN;DIBENS LSG;FINANCEIRO;INTERMEDIÁRIOS FINANCEIROS;SOC. ARRENDAMENTO MERCANTIL;"";"";"";"";"";2021-10-22T01:00:02.000000Z;2021-10-22T01:00:02.000000Z
343;BZRS;BRAZIL REALT;FINANCEIRO;SECURITIZADORAS DE RECEBÍVEIS;SECURITIZADORAS DE RECEBÍVEIS;"";"";"";"";"";2021-10-22T01:00:02.000000Z;2021-10-22T01:00:02.000000Z
344;BSCS;BRAZILIAN SC;FINANCEIRO;SECURITIZADORAS DE RECEBÍVEIS;SECURITIZADORAS DE RECEBÍVEIS;"";"";"";"";"";2021-10-22T01:00:02.000000Z;2021-10-22T01:00:02.000000Z
345;BRCS;BRC SECURIT;FINANCEIRO;SECURITIZADORAS DE RECEBÍVEIS;SECURITIZADORAS DE RECEBÍVEIS;"";"";"";"";"";2021-10-22T01:00:02.000000Z;2021-10-22T01:00:02.000000Z
346;WTVR;BRPR 56 SEC;FINANCEIRO;SECURITIZADORAS DE RECEBÍVEIS;SECURITIZADORAS DE RECEBÍVEIS;"";"";"";"";"";2021-10-22T01:00:02.000000Z;2021-10-22T01:00:02.000000Z
347;CBSC;CIBRASEC;FINANCEIRO;SECURITIZADORAS DE RECEBÍVEIS;SECURITIZADORAS DE RECEBÍVEIS;"";"";"";"";"";2021-10-22T01:00:02.000000Z;2021-10-22T01:00:02.000000Z
348;ECOA;ECO SEC AGRO;FINANCEIRO;SECURITIZADORAS DE RECEBÍVEIS;SECURITIZADORAS DE RECEBÍVEIS;MB;"";"";"";"";2021-10-22T01:00:02.000000Z;2021-10-22T01:00:02.000000Z
349;GAFL;GAIA AGRO;FINANCEIRO;SECURITIZADORAS DE RECEBÍVEIS;SECURITIZADORAS DE RECEBÍVEIS;"";"";GAFL-CRA02B0;14.876.090/0001-93;14876090000193;2021-10-22T01:00:02.000000Z;2021-10-22T01:00:02.000000Z
350;GAIA;GAIA SECURIT;FINANCEIRO;SECURITIZADORAS DE RECEBÍVEIS;SECURITIZADORAS DE RECEBÍVEIS;MB;"";"";"";"";2021-10-22T01:00:02.000000Z;2021-10-22T01:00:02.000000Z
351;OCTS;OCTANTE SEC;FINANCEIRO;SECURITIZADORAS DE RECEBÍVEIS;SECURITIZADORAS DE RECEBÍVEIS;"";"";"";"";"";2021-10-22T01:00:02.000000Z;2021-10-22T01:00:02.000000Z
352;PDGS;PDG SECURIT;FINANCEIRO;SECURITIZADORAS DE RECEBÍVEIS;SECURITIZADORAS DE RECEBÍVEIS;"";"";"";"";"";2021-10-22T01:00:03.000000Z;2021-10-22T01:00:03.000000Z
353;PLSC;POLO CAP SEC;FINANCEIRO;SECURITIZADORAS DE RECEBÍVEIS;SECURITIZADORAS DE RECEBÍVEIS;"";"";"";"";"";2021-10-22T01:00:03.000000Z;2021-10-22T01:00:03.000000Z
354;RBRA;RBCAPITALRES;FINANCEIRO;SECURITIZADORAS DE RECEBÍVEIS;SECURITIZADORAS DE RECEBÍVEIS;MB;"";"";"";"";2021-10-22T01:00:03.000000Z;2021-10-22T01:00:03.000000Z
355;APCS;TRUESEC;FINANCEIRO;SECURITIZADORAS DE RECEBÍVEIS;SECURITIZADORAS DE RECEBÍVEIS;"";"";APCS-CRI05B0;12.130.744/0001-00;12130744000100;2021-10-22T01:00:03.000000Z;2021-10-22T01:00:03.000000Z
356;VERT;VERTCIASEC;FINANCEIRO;SECURITIZADORAS DE RECEBÍVEIS;SECURITIZADORAS DE RECEBÍVEIS;"";"";"";"";"";2021-10-22T01:00:03.000000Z;2021-10-22T01:00:03.000000Z
357;WTPI;WTORRE PIC;FINANCEIRO;SECURITIZADORAS DE RECEBÍVEIS;SECURITIZADORAS DE RECEBÍVEIS;"";"";"";"";"";2021-10-22T01:00:03.000000Z;2021-10-22T01:00:03.000000Z
358;BNDP;BNDESPAR;FINANCEIRO;SERVIÇOS FINANCEIROS DIVERSOS;GESTÃO DE RECURSOS E INVESTIMENTOS;MB;"";"";"";"";2021-10-22T01:00:03.000000Z;2021-10-22T01:00:03.000000Z
359;BFRE;BRAZILIAN FR;FINANCEIRO;SERVIÇOS FINANCEIROS DIVERSOS;GESTÃO DE RECURSOS E INVESTIMENTOS;"";"";"";"";"";2021-10-22T01:00:03.000000Z;2021-10-22T01:00:03.000000Z
360;GPIV;GP INVEST;FINANCEIRO;SERVIÇOS FINANCEIROS DIVERSOS;GESTÃO DE RECURSOS E INVESTIMENTOS;DR3;"";GPIV33;07.857.850/0001-50;7857850000150;2021-10-22T01:00:03.000000Z;2021-10-22T01:00:03.000000Z
361;IDNT;IDEIASNET;FINANCEIRO;SERVIÇOS FINANCEIROS DIVERSOS;GESTÃO DE RECURSOS E INVESTIMENTOS;"";"";IDNT3;02.365.069/0001-44;2365069000144;2021-10-22T01:00:03.000000Z;2021-10-22T01:00:03.000000Z
362;PPLA;PPLA;FINANCEIRO;SERVIÇOS FINANCEIROS DIVERSOS;GESTÃO DE RECURSOS E INVESTIMENTOS;DR3;"";PPLA11;15.073.274/0001-88;15073274000188;2021-10-22T01:00:03.000000Z;2021-10-22T01:00:03.000000Z
363;B3SA;B3;FINANCEIRO;SERVIÇOS FINANCEIROS DIVERSOS;SERVIÇOS FINANCEIROS DIVERSOS;NM;"";B3SA3;09.346.601/0001-25;9346601000125;2021-10-22T01:00:03.000000Z;2021-10-22T01:00:03.000000Z
364;CIEL;CIELO;FINANCEIRO;SERVIÇOS FINANCEIROS DIVERSOS;SERVIÇOS FINANCEIROS DIVERSOS;NM;"";CIEL3;01.027.058/0001-91;1027058000191;2021-10-22T01:00:03.000000Z;2021-10-22T01:00:03.000000Z
365;BRGE;ALFA CONSORC;FINANCEIRO;PREVIDÊNCIA E SEGUROS;SEGURADORAS;"";"";BRGE11, BRGE12, BRGE3, BRGE5, BRGE6, BRGE7, BRGE8;17.193.806/0001-46;17193806000146;2021-10-22T01:00:03.000000Z;2021-10-22T01:00:03.000000Z
366;BBSE;BBSEGURIDADE;FINANCEIRO;PREVIDÊNCIA E SEGUROS;SEGURADORAS;NM;"";BBSE3;17.344.597/0001-94;17344597000194;2021-10-22T01:00:03.000000Z;2021-10-22T01:00:03.000000Z
367;IRBR;IRBBRASIL RE;FINANCEIRO;PREVIDÊNCIA E SEGUROS;SEGURADORAS;NM;"";IRBR3;33.376.989/0001-91;33376989000191;2021-10-22T01:00:03.000000Z;2021-10-22T01:00:03.000000Z
368;PSSA;PORTO SEGURO;FINANCEIRO;PREVIDÊNCIA E SEGUROS;SEGURADORAS;NM;"";PSSA3;02.149.205/0001-69;2149205000169;2021-10-22T01:00:03.000000Z;2021-10-22T01:00:03.000000Z
369;CSAB;SEG AL BAHIA;FINANCEIRO;PREVIDÊNCIA E SEGUROS;SEGURADORAS;"";"";CSAB3, CSAB4;15.144.017/0001-90;15144017000190;2021-10-22T01:00:03.000000Z;2021-10-22T01:00:03.000000Z
370;SULA;SUL AMERICA;FINANCEIRO;PREVIDÊNCIA E SEGUROS;SEGURADORAS;N2;"";SULA11, SULA3, SULA4;29.978.814/0001-87;29978814000187;2021-10-22T01:00:03.000000Z;2021-10-22T01:00:03.000000Z
371;APER;ALPER S.A.;FINANCEIRO;PREVIDÊNCIA E SEGUROS;CORRETORAS DE SEGUROS;NM;"";APER3;11.721.921/0001-60;11721921000160;2021-10-22T01:00:03.000000Z;2021-10-22T01:00:03.000000Z
372;WIZS;WIZ S.A.;FINANCEIRO;PREVIDÊNCIA E SEGUROS;CORRETORAS DE SEGUROS;NM;"";WIZS3;42.278.473/0001-03;42278473000103;2021-10-22T01:00:03.000000Z;2021-10-22T01:00:03.000000Z
373;ALSO;ALIANSCSONAE;FINANCEIRO;EXPLORAÇÃO DE IMÓVEIS;EXPLORAÇÃO DE IMÓVEIS;NM;"";ALSO3;05.878.397/0001-32;5878397000132;2021-10-22T01:00:03.000000Z;2021-10-22T01:00:03.000000Z
374;BRML;BR MALLS PAR;FINANCEIRO;EXPLORAÇÃO DE IMÓVEIS;EXPLORAÇÃO DE IMÓVEIS;NM;"";BRML3;06.977.745/0001-91;6977745000191;2021-10-22T01:00:03.000000Z;2021-10-22T01:00:03.000000Z
375;BRPR;BR PROPERT;FINANCEIRO;EXPLORAÇÃO DE IMÓVEIS;EXPLORAÇÃO DE IMÓVEIS;NM;"";BRPR3;06.977.751/0001-49;6977751000149;2021-10-22T01:00:03.000000Z;2021-10-22T01:00:03.000000Z
376;CORR;COR RIBEIRO;FINANCEIRO;EXPLORAÇÃO DE IMÓVEIS;EXPLORAÇÃO DE IMÓVEIS;"";"";CORR3, CORR4;15.101.405/0001-93;15101405000193;2021-10-22T01:00:03.000000Z;2021-10-22T01:00:03.000000Z
377;CCPR;CYRE COM-CCP;FINANCEIRO;EXPLORAÇÃO DE IMÓVEIS;EXPLORAÇÃO DE IMÓVEIS;NM;"";CCPR3;08.801.621/0001-86;8801621000186;2021-10-22T01:00:03.000000Z;2021-10-22T01:00:03.000000Z
378;GSHP;GENERALSHOPP;FINANCEIRO;EXPLORAÇÃO DE IMÓVEIS;EXPLORAÇÃO DE IMÓVEIS;NM;"";GSHP3;08.764.621/0001-53;8764621000153;2021-10-22T01:00:03.000000Z;2021-10-22T01:00:03.000000Z
379;HBTS;HABITASUL;FINANCEIRO;EXPLORAÇÃO DE IMÓVEIS;EXPLORAÇÃO DE IMÓVEIS;"";"";HBTS3, HBTS5, HBTS6;87.762.563/0001-03;87762563000103;2021-10-22T01:00:03.000000Z;2021-10-22T01:00:03.000000Z
380;IGBR;IGB S/A;FINANCEIRO;EXPLORAÇÃO DE IMÓVEIS;EXPLORAÇÃO DE IMÓVEIS;"";"";IGBR3;43.185.362/0001-07;43185362000107;2021-10-22T01:00:03.000000Z;2021-10-22T01:00:03.000000Z
381;IGTA;IGUATEMI;FINANCEIRO;EXPLORAÇÃO DE IMÓVEIS;EXPLORAÇÃO DE IMÓVEIS;NM;"";IGTA3;51.218.147/0001-93;51218147000193;2021-10-22T01:00:03.000000Z;2021-10-22T01:00:03.000000Z
382;JPSA;JEREISSATI;FINANCEIRO;EXPLORAÇÃO DE IMÓVEIS;EXPLORAÇÃO DE IMÓVEIS;"";"";JPSA3;60.543.816/0001-93;60543816000193;2021-10-22T01:00:03.000000Z;2021-10-22T01:00:03.000000Z
383;LOGG;LOG COM PROP;FINANCEIRO;EXPLORAÇÃO DE IMÓVEIS;EXPLORAÇÃO DE IMÓVEIS;NM;"";LOGG3;09.041.168/0001-10;9041168000110;2021-10-22T01:00:03.000000Z;2021-10-22T01:00:03.000000Z
384;MNZC;MENEZES CORT;FINANCEIRO;EXPLORAÇÃO DE IMÓVEIS;EXPLORAÇÃO DE IMÓVEIS;MB;"";MNZC3B;02.664.042/0001-52;2664042000152;2021-10-22T01:00:03.000000Z;2021-10-22T01:00:03.000000Z
385;MULT;MULTIPLAN;FINANCEIRO;EXPLORAÇÃO DE IMÓVEIS;EXPLORAÇÃO DE IMÓVEIS;N2;"";MULT3;07.816.890/0001-53;7816890000153;2021-10-22T01:00:03.000000Z;2021-10-22T01:00:03.000000Z
386;SCAR;SAO CARLOS;FINANCEIRO;EXPLORAÇÃO DE IMÓVEIS;EXPLORAÇÃO DE IMÓVEIS;NM;"";SCAR3;29.780.061/0001-09;29780061000109;2021-10-22T01:00:03.000000Z;2021-10-22T01:00:03.000000Z
387;BBRK;BR BROKERS;FINANCEIRO;EXPLORAÇÃO DE IMÓVEIS;INTERMEDIAÇÃO IMOBILIÁRIA;NM;"";BBRK3;08.613.550/0001-98;8613550000198;2021-10-22T01:00:03.000000Z;2021-10-22T01:00:03.000000Z
388;LPSB;LOPES BRASIL;FINANCEIRO;EXPLORAÇÃO DE IMÓVEIS;INTERMEDIAÇÃO IMOBILIÁRIA;NM;"";LPSB3;08.078.847/0001-09;8078847000109;2021-10-22T01:00:03.000000Z;2021-10-22T01:00:03.000000Z
389;MOAR;MONT ARANHA;FINANCEIRO;HOLDINGS DIVERSIFICADAS;HOLDINGS DIVERSIFICADAS;"";"";MOAR3;33.102.476/0001-92;33102476000192;2021-10-22T01:00:03.000000Z;2021-10-22T01:00:03.000000Z
390;PEAB;PAR AL BAHIA;FINANCEIRO;HOLDINGS DIVERSIFICADAS;HOLDINGS DIVERSIFICADAS;"";"";PEAB3, PEAB4;01.938.783/0001-11;1938783000111;2021-10-22T01:00:03.000000Z;2021-10-22T01:00:03.000000Z
391;SPRI;SPRINGER;FINANCEIRO;HOLDINGS DIVERSIFICADAS;HOLDINGS DIVERSIFICADAS;"";"";SPRI3, SPRI5, SPRI6;92.929.520/0001-00;92929520000100;2021-10-22T01:00:03.000000Z;2021-10-22T01:00:03.000000Z
392;CTBA;CEPAC - CTBA;FINANCEIRO;OUTROS TÍTULOS;OUTROS TÍTULOS;MB;"";"";"";"";2021-10-22T01:00:03.000000Z;2021-10-22T01:00:03.000000Z
393;MCRJ;CEPAC - MCRJ;FINANCEIRO;OUTROS TÍTULOS;OUTROS TÍTULOS;MB;"";"";"";"";2021-10-22T01:00:03.000000Z;2021-10-22T01:00:03.000000Z
394;PMSP;CEPAC - PMSP;FINANCEIRO;OUTROS TÍTULOS;OUTROS TÍTULOS;MB;"";"";"";"";2021-10-22T01:00:03.000000Z;2021-10-22T01:00:03.000000Z
395;QVQP;524 PARTICIP;OUTROS;OUTROS;OUTROS;MB;"";QVQP3B;01.851.771/0001-55;1851771000155;2021-10-22T01:00:03.000000Z;2021-10-22T01:00:03.000000Z
396;ALEF;ALEF S/A;OUTROS;OUTROS;OUTROS;MB;"";ALEF3B;02.217.319/0001-07;2217319000107;2021-10-22T01:00:03.000000Z;2021-10-22T01:00:03.000000Z
397;ATOM;ATOMPAR;OUTROS;OUTROS;OUTROS;"";"";ATOM3;00.359.742/0001-08;359742000108;2021-10-22T01:00:03.000000Z;2021-10-22T01:00:03.000000Z
398;BETP;BETAPART;OUTROS;OUTROS;OUTROS;MB;"";BETP3B;02.762.124/0001-30;2762124000130;2021-10-22T01:00:03.000000Z;2021-10-22T01:00:03.000000Z
399;CABI;CABINDA PART;OUTROS;OUTROS;OUTROS;MB;"";CABI3B;04.030.182/0001-02;4030182000102;2021-10-22T01:00:03.000000Z;2021-10-22T01:00:03.000000Z
400;CACO;CACONDE PART;OUTROS;OUTROS;OUTROS;MB;"";CACO3B;04.031.213/0001-31;4031213000131;2021-10-22T01:00:03.000000Z;2021-10-22T01:00:03.000000Z
401;CPTP;CAPITALPART;OUTROS;OUTROS;OUTROS;MB;"";"";"";"";2021-10-22T01:00:03.000000Z;2021-10-22T01:00:03.000000Z
402;MAPT;CEMEPE;OUTROS;OUTROS;OUTROS;"";"";MAPT4, MAPT3;93.828.986/0001-73;93828986000173;2021-10-22T01:00:03.000000Z;2021-10-22T01:00:03.000000Z
403;CMSA;CIMS;OUTROS;OUTROS;OUTROS;"";"";CMSA3, CMSA4;00.272.185/0001-93;272185000193;2021-10-22T01:00:03.000000Z;2021-10-22T01:00:03.000000Z
404;OPGM;GAMA PART;OUTROS;OUTROS;OUTROS;MB;"";OPGM3B;02.796.775/0001-40;2796775000140;2021-10-22T01:00:03.000000Z;2021-10-22T01:00:03.000000Z
405;FIGE;INVEST BEMGE;OUTROS;OUTROS;OUTROS;"";"";FIGE3, FIGE4;01.548.981/0001-79;1548981000179;2021-10-22T01:00:03.000000Z;2021-10-22T01:00:03.000000Z
406;JBDU;J B DUARTE;OUTROS;OUTROS;OUTROS;"";"";JBDU3, JBDU4;60.637.238/0001-54;60637238000154;2021-10-22T01:00:03.000000Z;2021-10-22T01:00:03.000000Z
407;SPRT;LONGDIS;OUTROS;OUTROS;OUTROS;MB;"";"";"";"";2021-10-22T01:00:03.000000Z;2021-10-22T01:00:03.000000Z
408;MGIP;MGI PARTICIP;OUTROS;OUTROS;OUTROS;"";"";"";"";"";2021-10-22T01:00:03.000000Z;2021-10-22T01:00:03.000000Z
409;OPHE;OPPORT ENERG;OUTROS;OUTROS;OUTROS;MB;"";OPHE3B;02.318.346/0001-68;2318346000168;2021-10-22T01:00:03.000000Z;2021-10-22T01:00:03.000000Z
410;PPAR;POLPAR;OUTROS;OUTROS;OUTROS;"";"";PPAR3;59.789.545/0001-71;59789545000171;2021-10-22T01:00:03.000000Z;2021-10-22T01:00:03.000000Z
411;PRPT;PROMPT PART;OUTROS;OUTROS;OUTROS;MB;"";PRPT3B;02.992.449/0001-09;2992449000109;2021-10-22T01:00:03.000000Z;2021-10-22T01:00:03.000000Z
412;SLCT;SELECTPART;OUTROS;OUTROS;OUTROS;MB;"";SLCT3B;02.604.860/0001-60;2604860000160;2021-10-22T01:00:03.000000Z;2021-10-22T01:00:03.000000Z
413;OPSE;SUDESTE S/A;OUTROS;OUTROS;OUTROS;MB;"";OPSE3B;02.062.747/0001-08;2062747000108;2021-10-22T01:00:03.000000Z;2021-10-22T01:00:03.000000Z
414;OPTS;SUL 116 PART;OUTROS;OUTROS;OUTROS;MB;"";OPTS3B;01.957.772/0001-89;1957772000189;2021-10-22T01:00:03.000000Z;2021-10-22T01:00:03.000000Z
415;RRRP;3R PETROLEUM;PETRÓLEO. GÁS E BIOCOMBUSTÍVEIS;PETRÓLEO. GÁS E BIOCOMBUSTÍVEIS;EXPLORAÇÃO. REFINO E DISTRIBUIÇÃO;NM;"";RRRP3;12.091.809/0001-55;12091809000155;2021-10-22T01:00:03.000000Z;2021-10-22T01:00:03.000000Z
416;AERI;AERIS;BENS INDUSTRIAIS;MÁQUINAS E EQUIPAMENTOS;MÁQ. E EQUIP. INDUSTRIAIS;NM;"";AERI3;12.528.708/0001-07;12528708000107;2021-10-22T01:00:03.000000Z;2021-10-22T01:00:03.000000Z
417;ALLD;ALLIED;CONSUMO CÍCLICO;COMÉRCIO;ELETRODOMÉSTICOS;NM;"";ALLD3;20.247.322/0001-47;20247322000147;2021-10-22T01:00:03.000000Z;2021-10-22T01:00:03.000000Z
418;ALPK;ESTAPAR;BENS INDUSTRIAIS;SERVIÇOS;SERVIÇOS DIVERSOS;NM;"";ALPK3;60.537.263/0001-66;60537263000166;2021-10-22T01:00:03.000000Z;2021-10-22T01:00:03.000000Z
419;AVLL;ALPHAVILLE;CONSUMO CÍCLICO;CONSTRUÇÃO CIVIL;INCORPORAÇÕES;NM;"";AVLL3;16.811.931/0001-00;16811931000100;2021-10-22T01:00:03.000000Z;2021-10-22T01:00:03.000000Z
420;AMBP;AMBIPAR;UTILIDADE PÚBLICA;ÁGUA E SANEAMENTO;ÁGUA E SANEAMENTO;NM;"";AMBP3;12.648.266/0001-24;12648266000124;2021-10-22T01:00:03.000000Z;2021-10-22T01:00:03.000000Z
421;AURA;AURA 360;MATERIAIS BÁSICOS;MINERAÇÃO;MINERAIS METÁLICOS;DR3;"";AURA33;07.857.093/0001-14;7857093000114;2021-10-22T01:00:03.000000Z;2021-10-22T01:00:03.000000Z
422;BOAS;BOA VISTA;FINANCEIRO;SERVIÇOS FINANCEIROS DIVERSOS;SERVIÇOS FINANCEIROS DIVERSOS;NM;"";BOAS3;11.725.176/0001-27;11725176000127;2021-10-22T01:00:03.000000Z;2021-10-22T01:00:03.000000Z
423;CURY;CURY S/A;CONSUMO CÍCLICO;CONSTRUÇÃO CIVIL;INCORPORAÇÕES;NM;"";CURY3;08.797.760/0001-83;8797760000183;2021-10-22T01:00:03.000000Z;2021-10-22T01:00:03.000000Z
424;DMVF;D1000VFARMA;SAÚDE;COMÉRCIO E DISTRIBUIÇÃO;MEDICAMENTOS E OUTROS PRODUTOS;NM;"";DMVF3;12.108.897/0001-50;12108897000150;2021-10-22T01:00:03.000000Z;2021-10-22T01:00:03.000000Z
425;ENJU;ENJOEI;TECNOLOGIA DA INFORMAÇÃO;PROGRAMAS E SERVIÇOS;PROGRAMAS E SERVIÇOS;NM;"";ENJU3;16.922.038/0001-51;16922038000151;2021-10-22T01:00:03.000000Z;2021-10-22T01:00:03.000000Z
426;SOMA;GRUPO SOMA;CONSUMO CÍCLICO;COMÉRCIO;TECIDOS, VESTUÁRIO E CALÇADOS;NM;"";SOMA3;10.285.590/0001-08;10285590000108;2021-10-22T01:00:03.000000Z;2021-10-22T01:00:03.000000Z
427;GMAT;GRUPO MATEUS;CONSUMO NÃO CÍCLICO;COMÉRCIO E DISTRIBUIÇÃO;ALIMENTOS;NM;"";GMAT3;24.990.777/0001-09;24990777000109;2021-10-22T01:00:03.000000Z;2021-10-22T01:00:03.000000Z
428;HBRE;HBR REALTY;FINANCEIRO;EXPLORAÇÃO DE IMÓVEIS;EXPLORAÇÃO DE IMÓVEIS;NM;"";HBRE3;14.785.152/0001-51;14785152000151;2021-10-22T01:00:03.000000Z;2021-10-22T01:00:03.000000Z
429;LAVV;LAVVI;CONSUMO CÍCLICO;CONSTRUÇÃO CIVIL;INCORPORAÇÕES;NM;"";LAVV3;26.462.693/0001-28;26462693000128;2021-10-22T01:00:03.000000Z;2021-10-22T01:00:03.000000Z
430;LJQQ;QUERO-QUERO;CONSUMO CÍCLICO;COMÉRCIO;PRODUTOS DIVERSOS;NM;"";LJQQ3;96.418.264/0218-02;96418264021802;2021-10-22T01:00:03.000000Z;2021-10-22T01:00:03.000000Z
431;CASH;MELIUZ;TECNOLOGIA DA INFORMAÇÃO;PROGRAMAS E SERVIÇOS;PROGRAMAS E SERVIÇOS;NM;"";CASH3;14.110.585/0001-07;14110585000107;2021-10-22T01:00:03.000000Z;2021-10-22T01:00:03.000000Z
432;MELK;MELNICK;CONSUMO CÍCLICO;CONSTRUÇÃO CIVIL;INCORPORAÇÕES;NM;"";MELK3;12.181.987/0001-77;12181987000177;2021-10-22T01:00:03.000000Z;2021-10-22T01:00:03.000000Z
433;NGRD;NEOGRID;TECNOLOGIA DA INFORMAÇÃO;PROGRAMAS E SERVIÇOS;PROGRAMAS E SERVIÇOS;NM;"";NGRD3;10.139.870/0001-08;10139870000108;2021-10-22T01:00:03.000000Z;2021-10-22T01:00:03.000000Z
434;PETZ;PETZ;CONSUMO CÍCLICO;COMÉRCIO;PRODUTOS DIVERSOS;NM;"";PETZ3;18.328.118/0001-09;18328118000109;2021-10-22T01:00:03.000000Z;2021-10-22T01:00:03.000000Z
435;PLPL;PLANOEPLANO;CONSUMO CÍCLICO;CONSTRUÇÃO CIVIL;INCORPORAÇÕES;NM;"";PLPL3;24.230.275/0001-80;24230275000180;2021-10-22T01:00:03.000000Z;2021-10-22T01:00:03.000000Z
436;RDOR;REDE D OR;SAÚDE;SERVIÇOS MÉDICO - HOSPITALARES, ANÁLISES E DIAGNÓSTICOS;SERVIÇOS MÉDICO - HOSPITALARES, ANÁLISES E DIAGNÓSTICOS;NM;"";RDOR3;06.047.087/0001-39;6047087000139;2021-10-22T01:00:03.000000Z;2021-10-22T01:00:03.000000Z
437;ASAI;ASSAI;CONSUMO NÃO CÍCLICO;COMÉRCIO E DISTRIBUIÇÃO;ALIMENTOS;NM;"";ASAI3;06.057.223/0001-71;6057223000171;2021-10-22T01:00:03.000000Z;2021-10-22T01:00:03.000000Z
438;SEQL;SEQUOIA LOG;BENS INDUSTRIAIS;SERVIÇOS;SERVIÇOS DIVERSOS;NM;"";SEQL3;01.599.101/0001-93;1599101000193;2021-10-22T01:00:03.000000Z;2021-10-22T01:00:03.000000Z
439;SIMH;SIMPAR;FINANCEIRO;HOLDINGS DIVERSIFICADAS;HOLDINGS DIVERSIFICADAS;NM;"";SIMH3;07.415.333/0001-20;7415333000120;2021-10-22T01:00:03.000000Z;2021-10-22T01:00:03.000000Z
440;TIMS;TIM;COMUNICAÇÕES;TELECOMUNICAÇÕES;TELECOMUNICAÇÕES;NM;"";TIMS3;02.421.421/0001-11;2421421000111;2021-10-22T01:00:03.000000Z;2021-10-22T01:00:03.000000Z
441;TFCO;TRACK FIELD;CONSUMO CÍCLICO;TECIDOS, VESTUÁRIO E CALÇADOS;VESTUÁRIO;N2;"";TFCO4;59.418.806/0001-47;59418806000147;2021-10-22T01:00:03.000000Z;2021-10-22T01:00:03.000000Z
442;CSED;CRUZEIRO EDU;CONSUMO CÍCLICO;DIVERSOS;SERVIÇOS EDUCACIONAIS;NM;"";CSED3;62.984.091/0001-02;62984091000102;2021-10-22T01:00:03.000000Z;2021-10-22T01:00:03.000000Z
443;CMIN;CSNMINERACAO;MATERIAIS BÁSICOS;MINERAÇÃO;MINERAIS METÁLICOS;N2;"";CMIN3;08.902.291/0001-15;8902291000115;2021-10-22T01:00:03.000000Z;2021-10-22T01:00:03.000000Z
444;DESK;DESKTOP;COMUNICAÇÕES;TELECOMUNICAÇÕES;TELECOMUNICAÇÕES;NM;"";DESK3;08.170.849/0001-15;8170849000115;2021-10-22T01:00:03.000000Z;2021-10-22T01:00:03.000000Z
445;DOTZ;DOTZ SA;CONSUMO CÍCLICO;DIVERSOS;PROGRAMAS DE FIDELIZAÇÃO;NM;"";DOTZ3;18.174.270/0001-84;18174270000184;2021-10-22T01:00:03.000000Z;2021-10-22T01:00:03.000000Z
446;ELMD;ELETROMIDIA;COMUNICAÇÕES;MÍDIA;PUBLICIDADE E PROPAGANDA;NM;"";ELMD3;09.347.516/0001-81;9347516000181;2021-10-22T01:00:03.000000Z;2021-10-22T01:00:03.000000Z
447;POWE;FOCUS ON;UTILIDADE PÚBLICA;ENERGIA ELÉTRICA;ENERGIA ELÉTRICA;NM;"";POWE3;26.735.020/0001-02;26735020000102;2021-10-22T01:00:03.000000Z;2021-10-22T01:00:03.000000Z
448;G2DI;G2D INVEST;FINANCEIRO;SERVIÇOS FINANCEIROS DIVERSOS;GESTÃO DE RECURSOS E INVESTIMENTOS;DR3;"";G2DI33;38.307.135/0001-77;38307135000177;2021-10-22T01:00:03.000000Z;2021-10-22T01:00:03.000000Z
449;NINJ;GETNINJAS;TECNOLOGIA DA INFORMAÇÃO;PROGRAMAS E SERVIÇOS;PROGRAMAS E SERVIÇOS;NM;"";NINJ3;14.127.813/0001-51;14127813000151;2021-10-22T01:00:03.000000Z;2021-10-22T01:00:03.000000Z
450;GGPS;GPS;BENS INDUSTRIAIS;SERVIÇOS;SERVIÇOS DIVERSOS;NM;"";GGPS3;09.229.201/0001-30;9229201000130;2021-10-22T01:00:03.000000Z;2021-10-22T01:00:03.000000Z
451;MATD;MATER DEI;SAÚDE;SERVIÇOS MÉDICO - HOSPITALARES, ANÁLISES E DIAGNÓSTICOS;SERVIÇOS MÉDICO - HOSPITALARES, ANÁLISES E DIAGNÓSTICOS;NM;"";MATD3;16.676.520/0001-59;16676520000159;2021-10-22T01:00:03.000000Z;2021-10-22T01:00:03.000000Z
452;AESB;AES BRASIL;UTILIDADE PÚBLICA;ENERGIA ELÉTRICA;ENERGIA ELÉTRICA;NM;"";AESB3;37.663.076/0001-07;37663076000107;2021-10-22T01:00:03.000000Z;2021-10-22T01:00:03.000000Z
453;AGXY;AGROGALAXY;CONSUMO NÃO CÍCLICO;AGROPECUÁRIA;AGRICULTURA;NM;"";AGXY3;21.240.146/0001-84;21240146000184;2021-10-22T01:00:03.000000Z;2021-10-22T01:00:03.000000Z
454;ARML;ARMAC;CONSUMO CÍCLICO;DIVERSOS;ALUGUEL DE CARROS;NM;"";ARML3;00.242.184/0001-04;242184000104;2021-10-22T01:00:03.000000Z;2021-10-22T01:00:03.000000Z
455;MODL;MODALMAIS;FINANCEIRO;INTERMEDIÁRIOS FINANCEIROS;BANCOS;N2;"";MODL3, MODL4, MODL11;30.723.886/0001-62;30723886000162;2021-10-22T01:00:03.000000Z;2021-10-22T01:00:03.000000Z
456;BMOB;BEMOBI TECH;TECNOLOGIA DA INFORMAÇÃO;PROGRAMAS E SERVIÇOS;PROGRAMAS E SERVIÇOS;NM;"";BMOB3;09.042.817/0001-05;9042817000105;2021-10-22T01:00:03.000000Z;2021-10-22T01:00:03.000000Z
457;SOJA;BOA SAFRA;CONSUMO CÍCLICO;AGROPECUÁRIA;AGRICULTURA;NM;"";SOJA3;10.807.374/0001-77;10807374000177;2021-10-22T01:00:03.000000Z;2021-10-22T01:00:03.000000Z
458;BRBI;BR PARTNERS;FINANCEIRO;INTERMEDIÁRIOS FINANCEIROS;BANCOS;N2;"";BRBI11;10.739.356/0001-03;10739356000103;2021-10-22T01:00:03.000000Z;2021-10-22T01:00:03.000000Z
459;BRIT;BRISANET;COMUNICAÇÕES;TELECOMUNICAÇÕES;TELECOMUNICAÇÕES;NM;"";BRIT3;19.796.586/0001-70;19796586000170;2021-10-22T01:00:03.000000Z;2021-10-22T01:00:03.000000Z
460;CLSA;CLEARSALE;FINANCEIRO;SERVIÇOS FINANCEIROS DIVERSOS;SERVIÇOS FINANCEIROS DIVERSOS;NM;"";CLSA3;03.802.115/0001-98;3802115000198;2021-10-22T01:00:03.000000Z;2021-10-22T01:00:03.000000Z
461;CBAV;CBA;MATERIAIS BÁSICOS;MINERAÇÃO;MINERAIS METÁLICOS;NM;"";CBAV3;61.409.892/0001-73;61409892000173;2021-10-22T01:00:03.000000Z;2021-10-22T01:00:03.000000Z
462;GRAO;AGRIBRASIL;CONSUMO NÃO CÍCLICO;AGROPECUÁRIA;AGRICULTURA;MA;"";GRAO3;18.483.666/0001-03;18483666000103;2021-10-22T01:00:03.000000Z;2021-10-22T01:00:03.000000Z
463;IFCM;INFRACOMM;TECNOLOGIA DA INFORMAÇÃO;PROGRAMAS E SERVIÇOS;PROGRAMAS E SERVIÇOS;NM;"";IFCM3;38.456.921/0001-36;38456921000136;2021-10-22T01:00:03.000000Z;2021-10-22T01:00:03.000000Z
464;INTB;INTELBRAS;TECNOLOGIA DA INFORMAÇÃO;COMPUTADORES E EQUIPAMENTOS;COMPUTADORES E EQUIPAMENTOS;NM;"";INTB3;82.901.000/0001-27;82901000000127;2021-10-22T01:00:03.000000Z;2021-10-22T01:00:03.000000Z
465;JALL;JALLESMACHAD;CONSUMO NÃO CÍCLICO;ALIMENTOS PROCESSADOS;AÇUCAR E ALCOOL;NM;"";JALL3;02.635.522/0001-95;2635522000195;2021-10-22T01:00:03.000000Z;2021-10-22T01:00:03.000000Z
466;KLAS;KALLAS;CONSUMO CÍCLICO;CONSTRUÇÃO CIVIL;INCORPORAÇÕES;"";"";KLAS3;09.146.451/0001-06;9146451000106;2021-10-22T01:00:03.000000Z;2021-10-22T01:00:03.000000Z
467;KRSA;KORA SAUDE;SAÚDE;SERVIÇOS MÉDICO - HOSPITALARES, ANÁLISES E DIAGNÓSTICOS;SERVIÇOS MÉDICO - HOSPITALARES, ANÁLISES E DIAGNÓSTICOS;NM;"";KRSA3;13.270.520/0001-66;13270520000166;2021-10-22T01:00:03.000000Z;2021-10-22T01:00:03.000000Z
468;LVTC;WDC NETWORKS;TECNOLOGIA DA INFORMAÇÃO;PROGRAMAS E SERVIÇOS;PROGRAMAS E SERVIÇOS;NM;"";LVTC3;05.917.486/0001-40;5917486000140;2021-10-22T01:00:03.000000Z;2021-10-22T01:00:03.000000Z
469;LLBI;LE BISCUIT;CONSUMO CÍCLICO;COMÉRCIO;PRODUTOS DIVERSOS;"";"";LLBI3, LLBI4;16.233.389/0001-55;16233389000155;2021-10-22T01:00:03.000000Z;2021-10-22T01:00:03.000000Z
470;MBLY;MOBLY;TECNOLOGIA DA INFORMAÇÃO;PROGRAMAS E SERVIÇOS;PROGRAMAS E SERVIÇOS;NM;"";MBLY3;31.553.627/0001-01;31553627000101;2021-10-22T01:00:03.000000Z;2021-10-22T01:00:03.000000Z
471;MOSI;MOSAICO;TECNOLOGIA DA INFORMAÇÃO;PROGRAMAS E SERVIÇOS;PROGRAMAS E SERVIÇOS;NM;"";MOSI3;09.083.175/0001-84;9083175000184;2021-10-22T01:00:03.000000Z;2021-10-22T01:00:03.000000Z
472;ESPA;ESPACOLASER;CONSUMO CÍCLICO;COMÉRCIO;PRODUTOS DIVERSOS;NM;"";ESPA3;26.659.061/0001-59;26659061000159;2021-10-22T01:00:03.000000Z;2021-10-22T01:00:03.000000Z
473;MLAS;MULTILASER;TECNOLOGIA DA INFORMAÇÃO;COMPUTADORES E EQUIPAMENTOS;COMPUTADORES E EQUIPAMENTOS;NM;"";MLAS3;59.717.553/0001-02;59717553000102;2021-10-22T01:00:03.000000Z;2021-10-22T01:00:03.000000Z
474;OPCT;OCEANPACT;PETRÓLEO, GÁS E BIOCOMBUSTÍVEIS;PETRÓLEO, GÁS E BIOCOMBUSTÍVEIS;EQUIPAMENTOS E SERVIÇOS;NM;"";OPCT3;09.114.805/0001-30;9114805000130;2021-10-22T01:00:03.000000Z;2021-10-22T01:00:03.000000Z
475;ONCO;ONCOCLINICAS;SAÚDE;SERVIÇOS MÉDICO - HOSPITALARES, ANÁLISES E DIAGNÓSTICOS;SERVIÇOS MÉDICO - HOSPITALARES, ANÁLISES E DIAGNÓSTICOS;NM;"";ONCO3;12.104.241/0004-02;12104241000402;2021-10-22T01:00:03.000000Z;2021-10-22T01:00:03.000000Z
476;ORVR;ORIZON;UTILIDADE PÚBLICA;ÁGUA E SANEAMENTO;ÁGUA E SANEAMENTO;NM;"";ORVR3;11.421.994/0001-36;11421994000136;2021-10-22T01:00:03.000000Z;2021-10-22T01:00:03.000000Z
477;RECV;PETRORECSA;PETRÓLEO, GÁS E BIOCOMBUSTÍVEIS;PETRÓLEO, GÁS E BIOCOMBUSTÍVEIS;EXPLORAÇÃO, REFINO E DISTRIBUIÇÃO;NM;"";RECV3;03.342.704/0001-30;3342704000130;2021-10-22T01:00:03.000000Z;2021-10-22T01:00:03.000000Z
478;RAIZ;RAIZEN;CONSUMO NÃO CÍCLICO;AGROPECUÁRIA;AGRICULTURA;N2;"";RAIZ4;33.453.598/0001-23;33453598000123;2021-10-22T01:00:03.000000Z;2021-10-22T01:00:03.000000Z
479;RBNS;RODOBENS;BENS INDUSTRIAIS;COMÉRCIO;MATERIAL DE TRANSPORTE;"";"";RBNS11;59.981.829/0001-65;59981829000165;2021-10-22T01:00:03.000000Z;2021-10-22T01:00:03.000000Z
480;TRAD;TC;TECNOLOGIA DA INFORMAÇÃO;PROGRAMAS E SERVIÇOS;PROGRAMAS E SERVIÇOS;NM;"";TRAD3;26.345.998/0001-50;26345998000150;2021-10-22T01:00:03.000000Z;2021-10-22T01:00:03.000000Z
481;TEGA;TEGRA INCORP;CONSUMO CÍCLICO;CONSTRUÇÃO CIVIL;INCORPORAÇÕES;"";"";TEGA3;30.213.493/0001-09;30213493000109;2021-10-22T01:00:03.000000Z;2021-10-22T01:00:03.000000Z
482;LAND;TERRASANTAPA;CONSUMO NÃO CÍCLICO;AGROPECUÁRIA;AGRICULTURA;NM;"";LAND3;40.337.136/0001-06;40337136000106;2021-10-22T01:00:03.000000Z;2021-10-22T01:00:03.000000Z
483;TTEN;3TENTOS;CONSUMO NÃO CÍCLICO;AGROPECUÁRIA;AGRICULTURA;NM;"";TTEN3;94.813.102/0001-70;94813102000170;2021-10-22T01:00:03.000000Z;2021-10-22T01:00:03.000000Z
484;FIQE;UNIFIQUE;COMUNICAÇÕES;TELECOMUNICAÇÕES;TELECOMUNICAÇÕES;NM;"";FIQE3;02.255.187/0001-08;2255187000108;2021-10-22T01:00:03.000000Z;2021-10-22T01:00:03.000000Z
485;WEST;WESTWING;TECNOLOGIA DA INFORMAÇÃO;PROGRAMAS E SERVIÇOS;PROGRAMAS E SERVIÇOS;NM;"";WEST3;14.776.142/0001-50;14776142000150;2021-10-22T01:00:03.000000Z;2021-10-22T01:00:03.000000Z
